Timestamp,Equity
2026-08-31 04:00:00,100000.00
2026-08-31 04:01:00,100000.00
2026-08-31 04:02:00,100000.00
2026-08-31 04:03:00,100000.00
2026-08-31 04:04:00,100000.00
2026-08-31 04:05:00,100000.00
2026-08-31 04:06:00,100000.00
2026-08-31 04:07:00,100000.00
2026-08-31 04:08:00,100000.00
2026-08-31 04:09:00,100000.00
2026-08-31 04:10:00,100000.00
2026-08-31 04:11:00,100000.00
2026-08-31 04:12:00,100000.00
2026-08-31 04:13:00,100000.00
2026-08-31 04:14:00,100000.00
2026-08-31 04:15:00,100000.00
2026-08-31 04:16:00,100000.00
2026-08-31 04:17:00,100000.00
2026-08-31 04:18:00,100000.00
2026-08-31 04:19:00,100000.00
2026-08-31 04:20:00,100000.00
2026-08-31 04:21:00,100000.00
2026-08-31 04:23:00,100000.00
2026-08-31 04:24:00,100000.00
2026-08-31 04:26:00,100000.00
2026-08-31 04:27:00,100000.00
2026-08-31 04:28:00,100000.00
2026-08-31 04:29:00,100000.00
2026-08-31 04:30:00,100000.00
2026-08-31 04:31:00,100000.00
2026-08-31 04:32:00,100000.00
2026-08-31 04:33:00,100000.00
2026-08-31 04:34:00,100000.00
2026-08-31 04:36:00,100000.00
2026-08-31 04:37:00,100000.00
2026-08-31 04:38:00,100000.00
2026-08-31 04:39:00,100000.00
2026-08-31 04:40:00,100000.00
2026-08-31 04:41:00,100000.00
2026-08-31 04:42:00,100000.00
2026-08-31 04:43:00,100000.00
2026-08-31 04:44:00,100000.00
2026-08-31 04:45:00,100000.00
2026-08-31 04:46:00,100000.00
2026-08-31 04:47:00,100000.00
2026-08-31 04:48:00,100000.00
2026-08-31 04:49:00,100000.00
2026-08-31 04:50:00,100000.00
2026-08-31 04:51:00,100000.00
2026-08-31 04:53:00,100000.00
2026-08-31 04:54:00,100000.00
2026-08-31 04:55:00,100000.00
2026-08-31 04:56:00,100000.00
2026-08-31 04:57:00,100000.00
2026-08-31 04:58:00,100000.00
2026-08-31 04:59:00,100000.00
2026-08-31 05:00:00,100000.00
2026-08-31 05:01:00,100000.00
2026-08-31 05:02:00,100000.00
2026-08-31 05:03:00,100000.00
2026-08-31 05:04:00,100000.00
2026-08-31 05:05:00,100000.00
2026-08-31 05:06:00,100000.00
2026-08-31 05:07:00,100000.00
2026-08-31 05:08:00,100000.00
2026-08-31 05:09:00,100000.00
2026-08-31 05:10:00,100000.00
2026-08-31 05:11:00,100000.00
2026-08-31 05:12:00,100000.00
2026-08-31 05:13:00,100000.00
2026-08-31 05:14:00,100000.00
2026-08-31 05:16:00,100000.00
2026-08-31 05:17:00,100000.00
2026-08-31 05:18:00,100000.00
2026-08-31 05:20:00,100000.00
2026-08-31 05:21:00,100000.00
2026-08-31 05:22:00,100000.00
2026-08-31 05:26:00,100000.00
2026-08-31 05:27:00,100000.00
2026-08-31 05:29:00,100000.00
2026-08-31 05:30:00,100000.00
2026-08-31 05:31:00,100000.00
2026-08-31 05:32:00,100000.00
2026-08-31 05:33:00,100000.00
2026-08-31 05:34:00,100000.00
2026-08-31 05:36:00,100000.00
2026-08-31 05:37:00,100000.00
2026-08-31 05:38:00,100000.00
2026-08-31 05:39:00,100000.00
2026-08-31 05:40:00,100000.00
2026-08-31 05:42:00,100000.00
2026-08-31 05:43:00,100000.00
2026-08-31 05:44:00,100000.00
2026-08-31 05:45:00,100000.00
2026-08-31 05:46:00,100000.00
2026-08-31 05:47:00,100000.00
2026-08-31 05:48:00,100000.00
2026-08-31 05:49:00,100000.00
2026-08-31 05:50:00,100000.00
2026-08-31 05:51:00,100000.00
2026-08-31 05:52:00,100000.00
2026-08-31 05:53:00,100000.00
2026-08-31 05:54:00,100000.00
2026-08-31 05:55:00,100000.00
2026-08-31 05:56:00,100000.00
2026-08-31 05:58:00,100000.00
2026-08-31 05:59:00,100000.00
2026-08-31 06:00:00,100000.00
2026-08-31 06:01:00,100000.00
2026-08-31 06:02:00,100000.00
2026-08-31 06:03:00,100000.00
2026-08-31 06:04:00,100000.00
2026-08-31 06:05:00,100000.00
2026-08-31 06:06:00,100000.00
2026-08-31 06:07:00,100000.00
2026-08-31 06:08:00,100000.00
2026-08-31 06:09:00,100000.00
2026-08-31 06:11:00,100000.00
2026-08-31 06:12:00,100000.00
2026-08-31 06:13:00,100000.00
2026-08-31 06:14:00,100000.00
2026-08-31 06:15:00,100000.00
2026-08-31 06:16:00,100000.00
2026-08-31 06:17:00,100000.00
2026-08-31 06:18:00,100000.00
2026-08-31 06:19:00,100000.00
2026-08-31 06:20:00,100000.00
2026-08-31 06:21:00,100000.00
2026-08-31 06:22:00,100000.00
2026-08-31 06:23:00,100000.00
2026-08-31 06:25:00,100000.00
2026-08-31 06:27:00,100000.00
2026-08-31 06:28:00,100000.00
2026-08-31 06:30:00,100000.00
2026-08-31 06:31:00,100000.00
2026-08-31 06:32:00,100000.00
2026-08-31 06:33:00,100000.00
2026-08-31 06:34:00,100000.00
2026-08-31 06:35:00,100000.00
2026-08-31 06:36:00,100000.00
2026-08-31 06:37:00,100000.00
2026-08-31 06:39:00,100000.00
2026-08-31 06:40:00,100000.00
2026-08-31 06:41:00,100000.00
2026-08-31 06:44:00,100000.00
2026-08-31 06:45:00,100000.00
2026-08-31 06:47:00,100000.00
2026-08-31 06:50:00,100000.00
2026-08-31 06:51:00,100000.00
2026-08-31 06:52:00,100000.00
2026-08-31 06:53:00,99976.13
2026-08-31 06:54:00,99972.17
2026-08-31 06:55:00,99964.25
2026-08-31 06:57:00,99958.97
2026-08-31 06:58:00,99962.93
2026-08-31 06:59:00,99943.47
2026-08-31 07:00:00,99943.47
2026-08-31 07:01:00,99943.47
2026-08-31 07:02:00,99943.47
2026-08-31 07:03:00,99943.47
2026-08-31 07:04:00,99943.47
2026-08-31 07:05:00,99943.47
2026-08-31 07:06:00,99943.47
2026-08-31 07:07:00,99943.47
2026-08-31 07:08:00,99943.47
2026-08-31 07:09:00,99943.47
2026-08-31 07:10:00,99943.47
2026-08-31 07:11:00,99943.47
2026-08-31 07:12:00,99943.47
2026-08-31 07:14:00,99943.47
2026-08-31 07:15:00,99943.47
2026-08-31 07:16:00,99943.47
2026-08-31 07:17:00,99943.47
2026-08-31 07:18:00,99943.47
2026-08-31 07:19:00,99943.47
2026-08-31 07:20:00,99943.47
2026-08-31 07:21:00,99943.47
2026-08-31 07:22:00,99943.47
2026-08-31 07:24:00,99943.47
2026-08-31 07:25:00,99943.47
2026-08-31 07:26:00,99943.47
2026-08-31 07:27:00,99943.47
2026-08-31 07:28:00,99943.47
2026-08-31 07:29:00,99943.47
2026-08-31 07:30:00,99943.47
2026-08-31 07:31:00,99943.47
2026-08-31 07:32:00,99943.47
2026-08-31 07:33:00,99943.47
2026-08-31 07:34:00,99943.47
2026-08-31 07:35:00,99943.47
2026-08-31 07:36:00,99943.47
2026-08-31 07:37:00,99943.47
2026-08-31 07:38:00,99943.47
2026-08-31 07:39:00,99943.47
2026-08-31 07:40:00,99943.47
2026-08-31 07:41:00,99943.47
2026-08-31 07:42:00,99943.47
2026-08-31 07:43:00,99943.47
2026-08-31 07:44:00,99943.47
2026-08-31 07:45:00,99943.47
2026-08-31 07:46:00,99943.47
2026-08-31 07:47:00,99943.47
2026-08-31 07:48:00,99943.47
2026-08-31 07:49:00,99943.47
2026-08-31 07:50:00,99943.47
2026-08-31 07:51:00,99943.47
2026-08-31 07:52:00,99943.47
2026-08-31 07:53:00,99943.47
2026-08-31 07:54:00,99943.47
2026-08-31 07:55:00,99943.47
2026-08-31 07:56:00,99943.47
2026-08-31 07:57:00,99943.47
2026-08-31 07:58:00,99943.47
2026-08-31 07:59:00,99943.47
2026-08-31 08:00:00,99943.47
2026-08-31 08:01:00,99943.47
2026-08-31 08:02:00,99943.47
2026-08-31 08:03:00,99943.47
2026-08-31 08:04:00,99943.47
2026-08-31 08:05:00,99943.47
2026-08-31 08:06:00,99943.47
2026-08-31 08:07:00,99943.47
2026-08-31 08:08:00,99943.47
2026-08-31 08:09:00,99943.47
2026-08-31 08:10:00,99943.47
2026-08-31 08:11:00,99943.47
2026-08-31 08:12:00,99943.47
2026-08-31 08:13:00,99943.47
2026-08-31 08:15:00,99943.47
2026-08-31 08:16:00,99943.47
2026-08-31 08:17:00,99943.47
2026-08-31 08:18:00,99943.47
2026-08-31 08:19:00,99943.47
2026-08-31 08:20:00,99916.47
2026-08-31 08:21:00,99885.46
2026-08-31 08:22:00,99868.39
2026-08-31 08:23:00,99826.71
2026-08-31 08:24:00,99826.71
2026-08-31 08:25:00,99826.71
2026-08-31 08:26:00,99826.71
2026-08-31 08:27:00,99826.71
2026-08-31 08:28:00,99826.71
2026-08-31 08:29:00,99826.71
2026-08-31 08:30:00,99826.71
2026-08-31 08:31:00,99826.71
2026-08-31 08:32:00,99826.71
2026-08-31 08:33:00,99826.71
2026-08-31 08:34:00,99826.71
2026-08-31 08:35:00,99826.71
2026-08-31 08:36:00,99826.71
2026-08-31 08:37:00,99826.71
2026-08-31 08:38:00,99826.71
2026-08-31 08:39:00,99826.71
2026-08-31 08:40:00,99826.71
2026-08-31 08:41:00,99826.71
2026-08-31 08:42:00,99826.71
2026-08-31 08:43:00,99826.71
2026-08-31 08:44:00,99826.71
2026-08-31 08:45:00,99826.71
2026-08-31 08:46:00,99826.71
2026-08-31 08:47:00,99826.71
2026-08-31 08:48:00,99826.71
2026-08-31 08:49:00,99826.71
2026-08-31 08:50:00,99826.71
2026-08-31 08:51:00,99826.71
2026-08-31 08:52:00,99826.71
2026-08-31 08:53:00,99826.71
2026-08-31 08:54:00,99826.71
2026-08-31 08:55:00,99826.71
2026-08-31 08:56:00,99826.71
2026-08-31 08:57:00,99826.71
2026-08-31 08:58:00,99826.71
2026-08-31 08:59:00,99826.71
2026-08-31 09:00:00,99826.71
2026-08-31 09:01:00,99826.71
2026-08-31 09:02:00,99826.71
2026-08-31 09:03:00,99826.71
2026-08-31 09:04:00,99826.71
2026-08-31 09:05:00,99826.71
2026-08-31 09:06:00,99826.71
2026-08-31 09:07:00,99826.71
2026-08-31 09:08:00,99826.71
2026-08-31 09:09:00,99826.71
2026-08-31 09:10:00,99826.71
2026-08-31 09:11:00,99826.71
2026-08-31 09:12:00,99826.71
2026-08-31 09:13:00,99826.71
2026-08-31 09:14:00,99826.71
2026-08-31 09:15:00,99826.71
2026-08-31 09:16:00,99826.71
2026-08-31 09:17:00,99826.71
2026-08-31 09:18:00,99826.71
2026-08-31 09:19:00,99826.71
2026-08-31 09:20:00,99826.71
2026-08-31 09:21:00,99826.71
2026-08-31 09:22:00,99826.71
2026-08-31 09:23:00,99826.71
2026-08-31 09:24:00,99826.71
2026-08-31 09:25:00,99826.71
2026-08-31 09:26:00,99826.71
2026-08-31 09:27:00,99826.71
2026-08-31 09:28:00,99826.71
2026-08-31 09:29:00,99826.71
2026-08-31 09:30:00,99729.07
2026-08-31 09:31:00,99802.40
2026-08-31 09:32:00,99667.15
2026-08-31 09:33:00,99667.15
2026-08-31 09:34:00,99667.15
2026-08-31 09:35:00,99667.15
2026-08-31 09:36:00,99667.15
2026-08-31 09:37:00,99667.15
2026-08-31 09:38:00,99667.15
2026-08-31 09:39:00,99667.15
2026-08-31 09:40:00,99667.15
2026-08-31 09:41:00,99667.15
2026-08-31 09:42:00,99667.15
2026-08-31 09:43:00,99667.15
2026-08-31 09:44:00,99667.15
2026-08-31 09:45:00,99667.15
2026-08-31 09:46:00,99667.15
2026-08-31 09:47:00,99667.15
2026-08-31 09:48:00,99667.15
2026-08-31 09:49:00,99667.15
2026-08-31 09:50:00,99667.15
2026-08-31 09:51:00,99667.15
2026-08-31 09:52:00,99667.15
2026-08-31 09:53:00,99667.15
2026-08-31 09:54:00,99667.15
2026-08-31 09:55:00,99667.15
2026-08-31 09:56:00,99667.15
2026-08-31 09:57:00,99667.15
2026-08-31 09:58:00,99667.15
2026-08-31 09:59:00,99667.15
2026-08-31 10:00:00,99667.15
2026-08-31 10:01:00,99667.15
2026-08-31 10:02:00,99667.15
2026-08-31 10:03:00,99667.15
2026-08-31 10:04:00,99667.15
2026-08-31 10:05:00,99667.15
2026-08-31 10:06:00,99667.15
2026-08-31 10:07:00,99667.15
2026-08-31 10:08:00,99667.15
2026-08-31 10:09:00,99667.15
2026-08-31 10:10:00,99667.15
2026-08-31 10:11:00,99667.15
2026-08-31 10:12:00,99667.15
2026-08-31 10:13:00,99667.15
2026-08-31 10:14:00,99667.15
2026-08-31 10:15:00,99667.15
2026-08-31 10:16:00,99667.15
2026-08-31 10:17:00,99667.15
2026-08-31 10:18:00,99667.15
2026-08-31 10:19:00,99667.15
2026-08-31 10:20:00,99667.15
2026-08-31 10:21:00,99667.15
2026-08-31 10:22:00,99667.15
2026-08-31 10:23:00,99667.15
2026-08-31 10:24:00,99667.15
2026-08-31 10:25:00,99667.15
2026-08-31 10:26:00,99667.15
2026-08-31 10:27:00,99667.15
2026-08-31 10:28:00,99667.15
2026-08-31 10:29:00,99667.15
2026-08-31 10:30:00,99667.15
2026-08-31 10:31:00,99667.15
2026-08-31 10:32:00,99667.15
2026-08-31 10:33:00,99667.15
2026-08-31 10:34:00,99667.15
2026-08-31 10:35:00,99667.15
2026-08-31 10:36:00,99667.15
2026-08-31 10:37:00,99667.15
2026-08-31 10:38:00,99667.15
2026-08-31 10:39:00,99667.15
2026-08-31 10:40:00,99667.15
2026-08-31 10:41:00,99667.15
2026-08-31 10:42:00,99667.15
2026-08-31 10:43:00,99667.15
2026-08-31 10:44:00,99667.15
2026-08-31 10:45:00,99667.15
2026-08-31 10:46:00,99667.15
2026-08-31 10:47:00,99667.15
2026-08-31 10:48:00,99667.15
2026-08-31 10:49:00,99667.15
2026-08-31 10:50:00,99667.15
2026-08-31 10:51:00,99667.15
2026-08-31 10:52:00,99667.15
2026-08-31 10:53:00,99667.15
2026-08-31 10:54:00,99667.15
2026-08-31 10:55:00,99667.15
2026-08-31 10:56:00,99667.15
2026-08-31 10:57:00,99667.15
2026-08-31 10:58:00,99601.89
2026-08-31 10:59:00,99564.93
2026-08-31 11:00:00,99625.65
2026-08-31 11:01:00,99603.21
2026-08-31 11:02:00,99529.29
2026-08-31 11:03:00,99501.42
2026-08-31 11:04:00,99501.42
2026-08-31 11:05:00,99501.42
2026-08-31 11:06:00,99501.42
2026-08-31 11:07:00,99501.42
2026-08-31 11:08:00,99501.42
2026-08-31 11:09:00,99501.42
2026-08-31 11:10:00,99501.42
2026-08-31 11:11:00,99501.42
2026-08-31 11:12:00,99501.42
2026-08-31 11:13:00,99501.42
2026-08-31 11:14:00,99501.42
2026-08-31 11:15:00,99501.42
2026-08-31 11:16:00,99501.42
2026-08-31 11:17:00,99501.42
2026-08-31 11:18:00,99501.42
2026-08-31 11:19:00,99501.42
2026-08-31 11:20:00,99501.42
2026-08-31 11:21:00,99501.42
2026-08-31 11:22:00,99501.42
2026-08-31 11:23:00,99501.42
2026-08-31 11:24:00,99501.42
2026-08-31 11:25:00,99501.42
2026-08-31 11:26:00,99501.42
2026-08-31 11:27:00,99501.42
2026-08-31 11:28:00,99501.42
2026-08-31 11:29:00,99501.42
2026-08-31 11:30:00,99501.42
2026-08-31 11:31:00,99501.42
2026-08-31 11:32:00,99501.42
2026-08-31 11:33:00,99501.42
2026-08-31 11:34:00,99501.42
2026-08-31 11:35:00,99501.42
2026-08-31 11:36:00,99501.42
2026-08-31 11:37:00,99501.42
2026-08-31 11:38:00,99501.42
2026-08-31 11:39:00,99501.42
2026-08-31 11:40:00,99501.42
2026-08-31 11:41:00,99501.42
2026-08-31 11:42:00,99501.42
2026-08-31 11:43:00,99501.42
2026-08-31 11:44:00,99501.42
2026-08-31 11:45:00,99501.42
2026-08-31 11:46:00,99501.42
2026-08-31 11:47:00,99501.42
2026-08-31 11:48:00,99501.42
2026-08-31 11:49:00,99501.42
2026-08-31 11:50:00,99501.42
2026-08-31 11:51:00,99501.42
2026-08-31 11:52:00,99501.42
2026-08-31 11:53:00,99501.42
2026-08-31 11:54:00,99501.42
2026-08-31 11:55:00,99501.42
2026-08-31 11:56:00,99501.42
2026-08-31 11:57:00,99501.42
2026-08-31 11:58:00,99501.42
2026-08-31 11:59:00,99501.42
2026-08-31 12:00:00,99501.42
2026-08-31 12:01:00,99501.42
2026-08-31 12:02:00,99501.42
2026-08-31 12:03:00,99501.42
2026-08-31 12:04:00,99501.42
2026-08-31 12:05:00,99501.42
2026-08-31 12:06:00,99501.42
2026-08-31 12:07:00,99501.42
2026-08-31 12:08:00,99501.42
2026-08-31 12:09:00,99501.42
2026-08-31 12:10:00,99501.42
2026-08-31 12:11:00,99501.42
2026-08-31 12:12:00,99501.42
2026-08-31 12:13:00,99501.42
2026-08-31 12:14:00,99501.42
2026-08-31 12:15:00,99501.42
2026-08-31 12:16:00,99501.42
2026-08-31 12:17:00,99501.42
2026-08-31 12:18:00,99501.42
2026-08-31 12:19:00,99501.42
2026-08-31 12:20:00,99501.42
2026-08-31 12:21:00,99501.42
2026-08-31 12:22:00,99501.42
2026-08-31 12:23:00,99501.42
2026-08-31 12:24:00,99501.42
2026-08-31 12:25:00,99501.42
2026-08-31 12:26:00,99501.42
2026-08-31 12:27:00,99501.42
2026-08-31 12:28:00,99501.42
2026-08-31 12:29:00,99501.42
2026-08-31 12:30:00,99501.42
2026-08-31 12:31:00,99501.42
2026-08-31 12:32:00,99501.42
2026-08-31 12:33:00,99501.42
2026-08-31 12:34:00,99501.42
2026-08-31 12:35:00,99501.42
2026-08-31 12:36:00,99501.42
2026-08-31 12:37:00,99501.42
2026-08-31 12:38:00,99501.42
2026-08-31 12:39:00,99501.42
2026-08-31 12:40:00,99501.42
2026-08-31 12:41:00,99501.42
2026-08-31 12:42:00,99501.42
2026-08-31 12:43:00,99501.42
2026-08-31 12:44:00,99501.42
2026-08-31 12:45:00,99501.42
2026-08-31 12:46:00,99501.42
2026-08-31 12:47:00,99501.42
2026-08-31 12:48:00,99501.42
2026-08-31 12:49:00,99501.42
2026-08-31 12:50:00,99501.42
2026-08-31 12:51:00,99501.42
2026-08-31 12:52:00,99473.18
2026-08-31 12:53:00,99484.35
2026-08-31 12:54:00,99476.43
2026-08-31 12:55:00,99486.48
2026-08-31 12:56:00,99496.23
2026-08-31 12:57:00,99509.43
2026-08-31 12:58:00,99497.55
2026-08-31 12:59:00,99505.47
2026-08-31 13:00:00,99475.11
2026-08-31 13:01:00,99497.55
2026-08-31 13:02:00,99486.99
2026-08-31 13:03:00,99462.57
2026-08-31 13:04:00,99463.23
2026-08-31 13:05:00,99475.11
2026-08-31 13:06:00,99456.63
2026-08-31 13:07:00,99463.23
2026-08-31 13:08:00,99420.92
2026-08-31 13:09:00,99420.92
2026-08-31 13:10:00,99420.92
2026-08-31 13:11:00,99420.92
2026-08-31 13:12:00,99420.92
2026-08-31 13:13:00,99420.92
2026-08-31 13:14:00,99420.92
2026-08-31 13:15:00,99420.92
2026-08-31 13:16:00,99420.92
2026-08-31 13:17:00,99420.92
2026-08-31 13:18:00,99420.92
2026-08-31 13:19:00,99420.92
2026-08-31 13:20:00,99420.92
2026-08-31 13:21:00,99420.92
2026-08-31 13:22:00,99420.92
2026-08-31 13:23:00,99420.92
2026-08-31 13:24:00,99420.92
2026-08-31 13:25:00,99420.92
2026-08-31 13:26:00,99420.92
2026-08-31 13:27:00,99420.92
2026-08-31 13:28:00,99420.92
2026-08-31 13:29:00,99420.92
2026-08-31 13:30:00,99420.92
2026-08-31 13:31:00,99420.92
2026-08-31 13:32:00,99420.92
2026-08-31 13:33:00,99420.92
2026-08-31 13:34:00,99420.92
2026-08-31 13:35:00,99420.92
2026-08-31 13:36:00,99420.92
2026-08-31 13:37:00,99420.92
2026-08-31 13:38:00,99420.92
2026-08-31 13:39:00,99420.92
2026-08-31 13:40:00,99420.92
2026-08-31 13:41:00,99420.92
2026-08-31 13:42:00,99420.92
2026-08-31 13:43:00,99420.92
2026-08-31 13:44:00,99420.92
2026-08-31 13:45:00,99420.92
2026-08-31 13:46:00,99420.92
2026-08-31 13:47:00,99420.92
2026-08-31 13:48:00,99420.92
2026-08-31 13:49:00,99420.92
2026-08-31 13:50:00,99420.92
2026-08-31 13:51:00,99416.78
2026-08-31 13:52:00,99407.86
2026-08-31 13:53:00,99417.03
2026-08-31 13:54:00,99413.54
2026-08-31 13:55:00,99396.07
2026-08-31 13:56:00,99392.79
2026-08-31 13:57:00,99363.32
2026-08-31 13:58:00,99356.11
2026-08-31 13:59:00,99374.45
2026-08-31 14:00:00,99325.14
2026-08-31 14:01:00,99325.14
2026-08-31 14:02:00,99325.14
2026-08-31 14:03:00,99325.14
2026-08-31 14:04:00,99325.14
2026-08-31 14:05:00,99325.14
2026-08-31 14:06:00,99325.14
2026-08-31 14:07:00,99325.14
2026-08-31 14:08:00,99325.14
2026-08-31 14:09:00,99325.14
2026-08-31 14:10:00,99325.14
2026-08-31 14:11:00,99325.14
2026-08-31 14:12:00,99325.14
2026-08-31 14:13:00,99325.14
2026-08-31 14:14:00,99325.14
2026-08-31 14:15:00,99325.14
2026-08-31 14:16:00,99325.14
2026-08-31 14:17:00,99325.14
2026-08-31 14:18:00,99325.14
2026-08-31 14:19:00,99325.14
2026-08-31 14:20:00,99325.14
2026-08-31 14:21:00,99325.14
2026-08-31 14:22:00,99325.14
2026-08-31 14:23:00,99325.14
2026-08-31 14:24:00,99325.14
2026-08-31 14:25:00,99325.14
2026-08-31 14:26:00,99325.14
2026-08-31 14:27:00,99325.14
2026-08-31 14:28:00,99325.14
2026-08-31 14:29:00,99325.14
2026-08-31 14:30:00,99325.14
2026-08-31 14:31:00,99325.14
2026-08-31 14:32:00,99325.14
2026-08-31 14:33:00,99325.14
2026-08-31 14:34:00,99325.14
2026-08-31 14:35:00,99325.14
2026-08-31 14:36:00,99325.14
2026-08-31 14:37:00,99325.14
2026-08-31 14:38:00,99325.14
2026-08-31 14:39:00,99325.14
2026-08-31 14:40:00,99325.14
2026-08-31 14:41:00,99325.14
2026-08-31 14:42:00,99325.14
2026-08-31 14:43:00,99325.14
2026-08-31 14:44:00,99325.14
2026-08-31 14:45:00,99325.14
2026-08-31 14:46:00,99325.14
2026-08-31 14:47:00,99325.14
2026-08-31 14:48:00,99325.14
2026-08-31 14:49:00,99325.14
2026-08-31 14:50:00,99325.14
2026-08-31 14:51:00,99325.14
2026-08-31 14:52:00,99325.14
2026-08-31 14:53:00,99325.14
2026-08-31 14:54:00,99325.14
2026-08-31 14:55:00,99325.14
2026-08-31 14:56:00,99325.14
2026-08-31 14:57:00,99325.14
2026-08-31 14:58:00,99325.14
2026-08-31 14:59:00,99325.14
2026-08-31 15:00:00,99325.14
2026-08-31 15:01:00,99325.14
2026-08-31 15:02:00,99325.14
2026-08-31 15:03:00,99325.14
2026-08-31 15:04:00,99325.14
2026-08-31 15:05:00,99325.14
2026-08-31 15:06:00,99325.14
2026-08-31 15:07:00,99325.14
2026-08-31 15:08:00,99325.14
2026-08-31 15:09:00,99325.14
2026-08-31 15:10:00,99325.14
2026-08-31 15:11:00,99325.14
2026-08-31 15:12:00,99325.14
2026-08-31 15:13:00,99325.14
2026-08-31 15:14:00,99325.14
2026-08-31 15:15:00,99325.14
2026-08-31 15:16:00,99325.14
2026-08-31 15:17:00,99325.14
2026-08-31 15:18:00,99325.14
2026-08-31 15:19:00,99325.14
2026-08-31 15:20:00,99325.14
2026-08-31 15:21:00,99325.14
2026-08-31 15:22:00,99325.14
2026-08-31 15:23:00,99325.14
2026-08-31 15:24:00,99325.14
2026-08-31 15:25:00,99325.14
2026-08-31 15:26:00,99325.14
2026-08-31 15:27:00,99325.14
2026-08-31 15:28:00,99305.28
2026-08-31 15:29:00,99309.46
2026-08-31 15:30:00,99293.74
2026-08-31 15:31:00,99266.23
2026-08-31 15:32:00,99267.54
2026-08-31 15:33:00,99272.13
2026-08-31 15:34:00,99296.36
2026-08-31 15:35:00,99309.55
2026-08-31 15:36:00,99299.64
2026-08-31 15:37:00,99319.29
2026-08-31 15:38:00,99313.39
2026-08-31 15:39:00,99317.32
2026-08-31 15:40:00,99313.39
2026-08-31 15:41:00,99335.66
2026-08-31 15:42:00,99380.20
2026-08-31 15:43:00,99407.06
2026-08-31 15:44:00,99398.55
2026-08-31 15:45:00,99410.33
2026-08-31 15:46:00,99399.20
2026-08-31 15:47:00,99355.97
2026-08-31 15:48:00,99355.31
2026-08-31 15:49:00,99389.38
2026-08-31 15:50:00,99521.68
2026-08-31 15:51:00,99557.05
2026-08-31 15:52:00,99569.50
2026-08-31 15:53:00,99537.40
2026-08-31 15:54:00,99550.50
2026-08-31 15:55:00,99491.55
2026-08-31 15:56:00,99521.68
2026-08-31 15:57:00,99502.03
2026-08-31 15:58:00,99507.27
2026-08-31 15:59:00,99498.10
2026-08-31 16:00:00,99522.99
2026-08-31 16:01:00,99543.95
2026-08-31 16:02:00,99532.16
2026-08-31 16:03:00,99545.26
2026-08-31 16:04:00,99526.92
2026-08-31 16:05:00,99530.85
2026-08-31 16:06:00,99529.54
2026-08-31 16:07:00,99542.77
2026-08-31 16:08:00,99557.05
2026-08-31 16:09:00,99534.78
2026-08-31 16:10:00,99549.92
2026-08-31 16:11:00,99540.02
2026-08-31 16:12:00,99516.44
2026-08-31 16:13:00,99511.20
2026-08-31 16:14:00,99508.58
2026-08-31 16:15:00,99509.89
2026-08-31 16:16:00,99509.89
2026-08-31 16:17:00,99516.44
2026-08-31 16:18:00,99512.51
2026-08-31 16:19:00,99512.51
2026-08-31 16:20:00,99494.15
2026-08-31 16:21:00,99494.15
2026-08-31 16:22:00,99494.15
2026-08-31 16:23:00,99494.15
2026-08-31 16:24:00,99494.15
2026-08-31 16:25:00,99494.15
2026-08-31 16:26:00,99494.15
2026-08-31 16:27:00,99494.15
2026-08-31 16:28:00,99494.15
2026-08-31 16:29:00,99494.15
2026-08-31 16:30:00,99494.15
2026-08-31 16:31:00,99494.15
2026-08-31 16:32:00,99494.15
2026-08-31 16:33:00,99494.15
2026-08-31 16:34:00,99494.15
2026-08-31 16:35:00,99494.15
2026-08-31 16:36:00,99494.15
2026-08-31 16:37:00,99494.15
2026-08-31 16:38:00,99494.15
2026-08-31 16:39:00,99494.15
2026-08-31 16:40:00,99494.15
2026-08-31 16:41:00,99494.15
2026-08-31 16:42:00,99494.15
2026-08-31 16:43:00,99494.15
2026-08-31 16:44:00,99494.15
2026-08-31 16:45:00,99494.15
2026-08-31 16:46:00,99494.15
2026-08-31 16:47:00,99494.15
2026-08-31 16:48:00,99494.15
2026-08-31 16:49:00,99494.15
2026-08-31 16:50:00,99494.15
2026-08-31 16:51:00,99494.15
2026-08-31 16:52:00,99494.15
2026-08-31 16:53:00,99494.15
2026-08-31 16:54:00,99494.15
2026-08-31 16:55:00,99494.15
2026-08-31 16:56:00,99494.15
2026-08-31 16:57:00,99494.15
2026-08-31 16:58:00,99494.15
2026-08-31 16:59:00,99494.15
2026-08-31 17:00:00,99494.15
2026-08-31 17:01:00,99494.15
2026-08-31 17:02:00,99494.15
2026-08-31 17:03:00,99494.15
2026-08-31 17:04:00,99494.15
2026-08-31 17:05:00,99494.15
2026-08-31 17:06:00,99494.15
2026-08-31 17:07:00,99494.15
2026-08-31 17:09:00,99494.15
2026-08-31 17:10:00,99494.15
2026-08-31 17:11:00,99494.15
2026-08-31 17:12:00,99494.15
2026-08-31 17:17:00,99494.15
2026-08-31 17:18:00,99494.15
2026-08-31 17:19:00,99494.15
2026-08-31 17:20:00,99494.15
2026-08-31 17:21:00,99494.15
2026-08-31 17:22:00,99494.15
2026-08-31 17:24:00,99494.15
2026-08-31 17:26:00,99494.15
2026-08-31 17:28:00,99494.15
2026-08-31 17:29:00,99494.15
2026-08-31 17:32:00,99494.15
2026-08-31 17:37:00,99494.15
2026-08-31 17:38:00,99494.15
2026-08-31 17:39:00,99494.15
2026-08-31 17:42:00,99494.15
2026-08-31 17:43:00,99494.15
2026-08-31 17:44:00,99494.15
2026-08-31 17:45:00,99494.15
2026-08-31 17:46:00,99494.15
2026-08-31 17:48:00,99494.15
2026-08-31 17:49:00,99494.15
2026-08-31 17:50:00,99494.15
2026-08-31 17:52:00,99494.15
2026-08-31 17:53:00,99494.15
2026-08-31 17:57:00,99494.15
2026-08-31 17:58:00,99494.15
2026-08-31 18:00:00,99494.15
2026-08-31 18:01:00,99494.15
2026-08-31 18:02:00,99494.15
2026-08-31 18:03:00,99494.15
2026-08-31 18:04:00,99494.15
2026-08-31 18:05:00,99494.15
2026-08-31 18:06:00,99494.15
2026-08-31 18:07:00,99494.15
2026-08-31 18:08:00,99494.15
2026-08-31 18:09:00,99494.15
2026-08-31 18:10:00,99494.15
2026-08-31 18:11:00,99494.15
2026-08-31 18:12:00,99494.15
2026-08-31 18:14:00,99494.15
2026-08-31 18:15:00,99494.15
2026-08-31 18:16:00,99494.15
2026-08-31 18:17:00,99494.15
2026-08-31 18:18:00,99494.15
2026-08-31 18:19:00,99494.15
2026-08-31 18:20:00,99494.15
2026-08-31 18:21:00,99494.15
2026-08-31 18:22:00,99494.15
2026-08-31 18:23:00,99494.15
2026-08-31 18:24:00,99494.15
2026-08-31 18:26:00,99494.15
2026-08-31 18:27:00,99494.15
2026-08-31 18:28:00,99494.15
2026-08-31 18:29:00,99494.15
2026-08-31 18:30:00,99494.15
2026-08-31 18:32:00,99494.15
2026-08-31 18:33:00,99494.15
2026-08-31 18:34:00,99494.15
2026-08-31 18:35:00,99494.15
2026-08-31 18:36:00,99494.15
2026-08-31 18:37:00,99494.15
2026-08-31 18:38:00,99494.15
2026-08-31 18:39:00,99494.15
2026-08-31 18:41:00,99494.15
2026-08-31 18:43:00,99494.15
2026-08-31 18:44:00,99494.15
2026-08-31 18:45:00,99494.15
2026-08-31 18:46:00,99494.15
2026-08-31 18:48:00,99494.15
2026-08-31 18:49:00,99494.15
2026-08-31 18:51:00,99494.15
2026-08-31 18:52:00,99494.15
2026-08-31 18:53:00,99494.15
2026-08-31 18:54:00,99494.15
2026-08-31 18:55:00,99494.15
2026-08-31 18:56:00,99494.15
2026-08-31 18:57:00,99494.15
2026-08-31 18:58:00,99494.15
2026-08-31 18:59:00,99494.15
2026-08-31 19:00:00,99494.15
2026-08-31 19:01:00,99494.15
2026-08-31 19:02:00,99494.15
2026-08-31 19:03:00,99494.15
2026-08-31 19:04:00,99494.15
2026-08-31 19:06:00,99494.15
2026-08-31 19:08:00,99494.15
2026-08-31 19:10:00,99494.15
2026-08-31 19:11:00,99494.15
2026-08-31 19:13:00,99494.15
2026-08-31 19:14:00,99494.15
2026-08-31 19:15:00,99494.15
2026-08-31 19:16:00,99494.15
2026-08-31 19:17:00,99494.15
2026-08-31 19:18:00,99494.15
2026-08-31 19:19:00,99494.15
2026-08-31 19:20:00,99494.15
2026-08-31 19:21:00,99494.15
2026-08-31 19:24:00,99494.15
2026-08-31 19:25:00,99494.15
2026-08-31 19:26:00,99494.15
2026-08-31 19:29:00,99494.15
2026-08-31 19:30:00,99494.15
2026-08-31 19:31:00,99494.15
2026-08-31 19:32:00,99494.15
2026-08-31 19:33:00,99494.15
2026-08-31 19:34:00,99494.15
2026-08-31 19:35:00,99487.63
2026-08-31 19:36:00,99483.70
2026-08-31 19:38:00,99448.06
2026-08-31 19:39:00,99448.06
2026-08-31 19:41:00,99448.06
2026-08-31 19:42:00,99448.06
2026-08-31 19:43:00,99448.06
2026-08-31 19:44:00,99448.06
2026-08-31 19:45:00,99448.06
2026-08-31 19:46:00,99438.78
2026-08-31 19:47:00,99391.03
2026-08-31 19:48:00,99391.03
2026-08-31 19:49:00,99391.03
2026-08-31 19:50:00,99391.03
2026-08-31 19:51:00,99391.03
2026-08-31 19:52:00,99391.03
2026-08-31 19:53:00,99391.03
2026-08-31 19:54:00,99391.03
2026-08-31 19:55:00,99391.03
2026-08-31 19:56:00,99391.03
2026-08-31 19:57:00,99391.03
2026-08-31 19:58:00,99391.03
2026-08-31 19:59:00,99391.03
2026-09-01 04:00:00,99391.03
2026-09-01 04:01:00,99391.03
2026-09-01 04:02:00,99391.03
2026-09-01 04:03:00,99391.03
2026-09-01 04:04:00,99391.03
2026-09-01 04:05:00,99391.03
2026-09-01 04:06:00,99391.03
2026-09-01 04:07:00,99391.03
2026-09-01 04:08:00,99391.03
2026-09-01 04:09:00,99391.03
2026-09-01 04:10:00,99391.03
2026-09-01 04:11:00,99391.03
2026-09-01 04:12:00,99391.03
2026-09-01 04:13:00,99391.03
2026-09-01 04:14:00,99391.03
2026-09-01 04:15:00,99391.03
2026-09-01 04:16:00,99391.03
2026-09-01 04:17:00,99391.03
2026-09-01 04:18:00,99391.03
2026-09-01 04:19:00,99391.03
2026-09-01 04:20:00,99391.03
2026-09-01 04:21:00,99391.03
2026-09-01 04:22:00,99391.03
2026-09-01 04:23:00,99391.03
2026-09-01 04:24:00,99391.03
2026-09-01 04:25:00,99391.03
2026-09-01 04:26:00,99391.03
2026-09-01 04:27:00,99391.03
2026-09-01 04:28:00,99391.03
2026-09-01 04:29:00,99391.03
2026-09-01 04:30:00,99391.03
2026-09-01 04:31:00,99391.03
2026-09-01 04:32:00,99391.03
2026-09-01 04:33:00,99391.03
2026-09-01 04:34:00,99391.03
2026-09-01 04:35:00,99391.03
2026-09-01 04:36:00,99391.03
2026-09-01 04:37:00,99391.03
2026-09-01 04:38:00,99391.03
2026-09-01 04:39:00,99391.03
2026-09-01 04:40:00,99391.03
2026-09-01 04:41:00,99391.03
2026-09-01 04:42:00,99391.03
2026-09-01 04:43:00,99391.03
2026-09-01 04:44:00,99391.03
2026-09-01 04:45:00,99391.03
2026-09-01 04:46:00,99391.03
2026-09-01 04:47:00,99391.03
2026-09-01 04:48:00,99391.03
2026-09-01 04:49:00,99391.03
2026-09-01 04:50:00,99391.03
2026-09-01 04:51:00,99391.03
2026-09-01 04:52:00,99391.03
2026-09-01 04:53:00,99391.03
2026-09-01 04:54:00,99391.03
2026-09-01 04:55:00,99391.03
2026-09-01 04:56:00,99391.03
2026-09-01 04:57:00,99391.03
2026-09-01 04:58:00,99391.03
2026-09-01 04:59:00,99391.03
2026-09-01 05:00:00,99391.03
2026-09-01 05:01:00,99391.03
2026-09-01 05:02:00,99391.03
2026-09-01 05:03:00,99391.03
2026-09-01 05:04:00,99391.03
2026-09-01 05:05:00,99391.03
2026-09-01 05:06:00,99391.03
2026-09-01 05:07:00,99391.03
2026-09-01 05:08:00,99391.03
2026-09-01 05:09:00,99391.03
2026-09-01 05:10:00,99391.03
2026-09-01 05:11:00,99391.03
2026-09-01 05:12:00,99391.03
2026-09-01 05:13:00,99391.03
2026-09-01 05:14:00,99391.03
2026-09-01 05:15:00,99391.03
2026-09-01 05:16:00,99391.03
2026-09-01 05:17:00,99391.03
2026-09-01 05:18:00,99391.03
2026-09-01 05:19:00,99391.03
2026-09-01 05:20:00,99391.03
2026-09-01 05:21:00,99391.03
2026-09-01 05:22:00,99391.03
2026-09-01 05:23:00,99391.03
2026-09-01 05:24:00,99391.03
2026-09-01 05:25:00,99391.03
2026-09-01 05:26:00,99391.03
2026-09-01 05:27:00,99391.03
2026-09-01 05:28:00,99391.03
2026-09-01 05:29:00,99391.03
2026-09-01 05:30:00,99391.03
2026-09-01 05:31:00,99391.03
2026-09-01 05:32:00,99391.03
2026-09-01 05:33:00,99391.03
2026-09-01 05:34:00,99391.03
2026-09-01 05:35:00,99391.03
2026-09-01 05:36:00,99391.03
2026-09-01 05:37:00,99391.03
2026-09-01 05:38:00,99391.03
2026-09-01 05:39:00,99391.03
2026-09-01 05:40:00,99391.03
2026-09-01 05:41:00,99391.03
2026-09-01 05:42:00,99391.03
2026-09-01 05:43:00,99391.03
2026-09-01 05:44:00,99391.03
2026-09-01 05:45:00,99391.03
2026-09-01 05:46:00,99391.03
2026-09-01 05:47:00,99391.03
2026-09-01 05:48:00,99391.03
2026-09-01 05:49:00,99391.03
2026-09-01 05:50:00,99391.03
2026-09-01 05:51:00,99391.03
2026-09-01 05:52:00,99391.03
2026-09-01 05:53:00,99391.03
2026-09-01 05:54:00,99391.03
2026-09-01 05:55:00,99391.03
2026-09-01 05:56:00,99391.03
2026-09-01 05:57:00,99391.03
2026-09-01 05:58:00,99391.03
2026-09-01 05:59:00,99391.03
2026-09-01 06:00:00,99391.03
2026-09-01 06:01:00,99391.03
2026-09-01 06:02:00,99391.03
2026-09-01 06:03:00,99391.03
2026-09-01 06:04:00,99391.03
2026-09-01 06:05:00,99391.03
2026-09-01 06:06:00,99391.03
2026-09-01 06:07:00,99391.03
2026-09-01 06:08:00,99391.03
2026-09-01 06:09:00,99391.03
2026-09-01 06:10:00,99391.03
2026-09-01 06:11:00,99391.03
2026-09-01 06:12:00,99391.03
2026-09-01 06:13:00,99391.03
2026-09-01 06:14:00,99391.03
2026-09-01 06:15:00,99391.03
2026-09-01 06:16:00,99391.03
2026-09-01 06:17:00,99391.03
2026-09-01 06:18:00,99391.03
2026-09-01 06:19:00,99391.03
2026-09-01 06:20:00,99391.03
2026-09-01 06:21:00,99391.03
2026-09-01 06:22:00,99381.93
2026-09-01 06:23:00,99387.21
2026-09-01 06:24:00,99380.61
2026-09-01 06:25:00,99386.21
2026-09-01 06:26:00,99375.33
2026-09-01 06:27:00,99375.33
2026-09-01 06:28:00,99367.41
2026-09-01 06:29:00,99356.27
2026-09-01 06:30:00,99376.44
2026-09-01 06:31:00,99363.45
2026-09-01 06:32:00,99377.97
2026-09-01 06:33:00,99395.13
2026-09-01 06:34:00,99416.25
2026-09-01 06:35:00,99403.05
2026-09-01 06:36:00,99409.65
2026-09-01 06:37:00,99412.29
2026-09-01 06:38:00,99422.85
2026-09-01 06:39:00,99405.03
2026-09-01 06:40:00,99357.15
2026-09-01 06:41:00,99357.15
2026-09-01 06:42:00,99357.15
2026-09-01 06:43:00,99357.15
2026-09-01 06:44:00,99357.15
2026-09-01 06:45:00,99357.15
2026-09-01 06:46:00,99357.15
2026-09-01 06:47:00,99357.15
2026-09-01 06:48:00,99357.15
2026-09-01 06:49:00,99357.15
2026-09-01 06:50:00,99357.15
2026-09-01 06:51:00,99357.15
2026-09-01 06:52:00,99357.15
2026-09-01 06:53:00,99357.15
2026-09-01 06:54:00,99357.15
2026-09-01 06:55:00,99357.15
2026-09-01 06:56:00,99357.15
2026-09-01 06:57:00,99357.15
2026-09-01 06:58:00,99357.15
2026-09-01 06:59:00,99357.15
2026-09-01 07:00:00,99357.15
2026-09-01 07:01:00,99357.15
2026-09-01 07:02:00,99357.15
2026-09-01 07:03:00,99357.15
2026-09-01 07:04:00,99357.15
2026-09-01 07:05:00,99357.15
2026-09-01 07:06:00,99357.15
2026-09-01 07:07:00,99357.15
2026-09-01 07:08:00,99357.15
2026-09-01 07:09:00,99357.15
2026-09-01 07:10:00,99357.15
2026-09-01 07:11:00,99357.15
2026-09-01 07:12:00,99357.15
2026-09-01 07:13:00,99357.15
2026-09-01 07:14:00,99357.15
2026-09-01 07:15:00,99357.15
2026-09-01 07:16:00,99357.15
2026-09-01 07:17:00,99357.15
2026-09-01 07:18:00,99357.15
2026-09-01 07:19:00,99357.15
2026-09-01 07:20:00,99357.15
2026-09-01 07:21:00,99357.15
2026-09-01 07:22:00,99357.15
2026-09-01 07:23:00,99357.15
2026-09-01 07:24:00,99357.15
2026-09-01 07:25:00,99357.15
2026-09-01 07:26:00,99357.15
2026-09-01 07:27:00,99357.15
2026-09-01 07:28:00,99357.15
2026-09-01 07:29:00,99357.15
2026-09-01 07:30:00,99357.15
2026-09-01 07:31:00,99357.15
2026-09-01 07:32:00,99357.15
2026-09-01 07:33:00,99357.15
2026-09-01 07:34:00,99357.15
2026-09-01 07:35:00,99357.15
2026-09-01 07:36:00,99357.15
2026-09-01 07:37:00,99357.15
2026-09-01 07:38:00,99357.15
2026-09-01 07:39:00,99357.15
2026-09-01 07:40:00,99357.15
2026-09-01 07:41:00,99357.15
2026-09-01 07:42:00,99357.15
2026-09-01 07:43:00,99357.15
2026-09-01 07:44:00,99357.15
2026-09-01 07:45:00,99357.15
2026-09-01 07:46:00,99357.15
2026-09-01 07:47:00,99357.15
2026-09-01 07:48:00,99357.15
2026-09-01 07:49:00,99357.15
2026-09-01 07:50:00,99357.15
2026-09-01 07:51:00,99357.15
2026-09-01 07:52:00,99357.15
2026-09-01 07:53:00,99357.15
2026-09-01 07:54:00,99357.15
2026-09-01 07:55:00,99357.15
2026-09-01 07:56:00,99357.15
2026-09-01 07:57:00,99357.15
2026-09-01 07:58:00,99357.15
2026-09-01 07:59:00,99357.15
2026-09-01 08:00:00,99357.15
2026-09-01 08:01:00,99357.15
2026-09-01 08:02:00,99357.15
2026-09-01 08:03:00,99357.15
2026-09-01 08:04:00,99357.15
2026-09-01 08:05:00,99357.15
2026-09-01 08:06:00,99357.15
2026-09-01 08:07:00,99357.15
2026-09-01 08:08:00,99357.15
2026-09-01 08:09:00,99357.15
2026-09-01 08:10:00,99357.15
2026-09-01 08:11:00,99357.15
2026-09-01 08:12:00,99357.15
2026-09-01 08:13:00,99357.15
2026-09-01 08:14:00,99357.15
2026-09-01 08:15:00,99357.15
2026-09-01 08:16:00,99357.15
2026-09-01 08:17:00,99357.15
2026-09-01 08:18:00,99357.15
2026-09-01 08:19:00,99357.15
2026-09-01 08:20:00,99357.15
2026-09-01 08:21:00,99357.15
2026-09-01 08:22:00,99357.15
2026-09-01 08:23:00,99357.15
2026-09-01 08:24:00,99357.15
2026-09-01 08:25:00,99357.15
2026-09-01 08:26:00,99357.15
2026-09-01 08:27:00,99357.15
2026-09-01 08:28:00,99357.15
2026-09-01 08:29:00,99357.15
2026-09-01 08:30:00,99357.15
2026-09-01 08:31:00,99357.15
2026-09-01 08:32:00,99357.15
2026-09-01 08:33:00,99357.15
2026-09-01 08:34:00,99357.15
2026-09-01 08:35:00,99357.15
2026-09-01 08:36:00,99357.15
2026-09-01 08:37:00,99357.15
2026-09-01 08:38:00,99357.15
2026-09-01 08:39:00,99357.15
2026-09-01 08:40:00,99357.15
2026-09-01 08:41:00,99357.15
2026-09-01 08:42:00,99357.15
2026-09-01 08:43:00,99357.15
2026-09-01 08:44:00,99357.15
2026-09-01 08:45:00,99357.15
2026-09-01 08:46:00,99357.15
2026-09-01 08:47:00,99357.15
2026-09-01 08:48:00,99357.15
2026-09-01 08:49:00,99357.15
2026-09-01 08:50:00,99357.15
2026-09-01 08:51:00,99357.15
2026-09-01 08:52:00,99357.15
2026-09-01 08:53:00,99357.15
2026-09-01 08:54:00,99357.15
2026-09-01 08:55:00,99357.15
2026-09-01 08:56:00,99357.15
2026-09-01 08:57:00,99357.15
2026-09-01 08:58:00,99357.15
2026-09-01 08:59:00,99357.15
2026-09-01 09:00:00,99357.15
2026-09-01 09:01:00,99357.15
2026-09-01 09:02:00,99357.15
2026-09-01 09:03:00,99357.15
2026-09-01 09:04:00,99357.15
2026-09-01 09:05:00,99357.15
2026-09-01 09:06:00,99357.15
2026-09-01 09:07:00,99357.15
2026-09-01 09:08:00,99357.15
2026-09-01 09:09:00,99357.15
2026-09-01 09:10:00,99357.15
2026-09-01 09:11:00,99357.15
2026-09-01 09:12:00,99357.15
2026-09-01 09:13:00,99357.15
2026-09-01 09:14:00,99357.15
2026-09-01 09:15:00,99357.15
2026-09-01 09:16:00,99357.15
2026-09-01 09:17:00,99357.15
2026-09-01 09:18:00,99357.15
2026-09-01 09:19:00,99357.15
2026-09-01 09:20:00,99357.15
2026-09-01 09:21:00,99357.15
2026-09-01 09:22:00,99357.15
2026-09-01 09:23:00,99357.15
2026-09-01 09:24:00,99357.15
2026-09-01 09:25:00,99357.15
2026-09-01 09:26:00,99357.15
2026-09-01 09:27:00,99357.15
2026-09-01 09:28:00,99357.15
2026-09-01 09:29:00,99357.15
2026-09-01 09:30:00,99357.15
2026-09-01 09:31:00,99357.15
2026-09-01 09:32:00,99357.15
2026-09-01 09:33:00,99357.15
2026-09-01 09:34:00,99357.15
2026-09-01 09:35:00,99357.15
2026-09-01 09:36:00,99357.15
2026-09-01 09:37:00,99357.15
2026-09-01 09:38:00,99357.15
2026-09-01 09:39:00,99357.15
2026-09-01 09:40:00,99357.15
2026-09-01 09:41:00,99357.15
2026-09-01 09:42:00,99357.15
2026-09-01 09:43:00,99357.15
2026-09-01 09:44:00,99357.15
2026-09-01 09:45:00,99357.15
2026-09-01 09:46:00,99357.15
2026-09-01 09:47:00,99357.15
2026-09-01 09:48:00,99357.15
2026-09-01 09:49:00,99357.15
2026-09-01 09:50:00,99352.05
2026-09-01 09:51:00,99306.84
2026-09-01 09:52:00,99269.59
2026-09-01 09:53:00,99270.92
2026-09-01 09:54:00,99278.90
2026-09-01 09:55:00,99260.28
2026-09-01 09:56:00,99211.73
2026-09-01 09:57:00,99200.43
2026-09-01 09:58:00,99188.46
2026-09-01 09:59:00,99226.36
2026-09-01 10:00:00,99244.32
2026-09-01 10:01:00,99320.13
2026-09-01 10:02:00,99200.43
2026-09-01 10:03:00,99253.63
2026-09-01 10:04:00,99216.39
2026-09-01 10:05:00,99270.92
2026-09-01 10:06:00,99358.03
2026-09-01 10:07:00,99383.97
2026-09-01 10:08:00,99360.03
2026-09-01 10:09:00,99374.82
2026-09-01 10:10:00,99364.02
2026-09-01 10:11:00,99298.85
2026-09-01 10:12:00,99284.22
2026-09-01 10:13:00,99297.52
2026-09-01 10:14:00,99313.09
2026-09-01 10:15:00,99393.28
2026-09-01 10:16:00,99411.39
2026-09-01 10:17:00,99368.01
2026-09-01 10:18:00,99326.78
2026-09-01 10:19:00,99348.06
2026-09-01 10:20:00,99375.99
2026-09-01 10:21:00,99372.00
2026-09-01 10:22:00,99433.84
2026-09-01 10:23:00,99397.25
2026-09-01 10:24:00,99398.60
2026-09-01 10:25:00,99438.50
2026-09-01 10:26:00,99442.49
2026-09-01 10:27:00,99411.23
2026-09-01 10:28:00,99401.26
2026-09-01 10:29:00,99410.57
2026-09-01 10:30:00,99482.39
2026-09-01 10:31:00,99522.95
2026-09-01 10:32:00,99531.60
2026-09-01 10:33:00,99556.87
2026-09-01 10:34:00,99557.53
2026-09-01 10:35:00,99548.89
2026-09-01 10:36:00,99543.07
2026-09-01 10:37:00,99562.17
2026-09-01 10:38:00,99535.59
2026-09-01 10:39:00,99552.88
2026-09-01 10:40:00,99574.16
2026-09-01 10:41:00,99567.51
2026-09-01 10:42:00,99584.81
2026-09-01 10:43:00,99596.77
2026-09-01 10:44:00,99633.34
2026-09-01 10:45:00,99623.37
2026-09-01 10:46:00,99648.64
2026-09-01 10:47:00,99695.19
2026-09-01 10:48:00,99717.80
2026-09-01 10:49:00,99674.10
2026-09-01 10:50:00,99652.63
2026-09-01 10:51:00,99611.40
2026-09-01 10:52:00,99580.38
2026-09-01 10:53:00,99580.38
2026-09-01 10:54:00,99580.38
2026-09-01 10:55:00,99580.38
2026-09-01 10:56:00,99580.38
2026-09-01 10:57:00,99580.38
2026-09-01 10:58:00,99580.38
2026-09-01 10:59:00,99580.38
2026-09-01 11:00:00,99580.38
2026-09-01 11:01:00,99580.38
2026-09-01 11:02:00,99580.38
2026-09-01 11:03:00,99580.38
2026-09-01 11:04:00,99580.38
2026-09-01 11:05:00,99580.38
2026-09-01 11:06:00,99580.38
2026-09-01 11:07:00,99580.38
2026-09-01 11:08:00,99580.38
2026-09-01 11:09:00,99580.38
2026-09-01 11:10:00,99580.38
2026-09-01 11:11:00,99580.38
2026-09-01 11:12:00,99580.38
2026-09-01 11:13:00,99580.38
2026-09-01 11:14:00,99580.38
2026-09-01 11:15:00,99580.38
2026-09-01 11:16:00,99580.38
2026-09-01 11:17:00,99580.38
2026-09-01 11:18:00,99580.38
2026-09-01 11:19:00,99580.38
2026-09-01 11:20:00,99580.38
2026-09-01 11:21:00,99580.38
2026-09-01 11:22:00,99580.38
2026-09-01 11:23:00,99580.38
2026-09-01 11:24:00,99580.38
2026-09-01 11:25:00,99580.38
2026-09-01 11:26:00,99580.38
2026-09-01 11:27:00,99580.38
2026-09-01 11:28:00,99580.38
2026-09-01 11:29:00,99580.38
2026-09-01 11:30:00,99580.38
2026-09-01 11:31:00,99580.38
2026-09-01 11:32:00,99580.38
2026-09-01 11:33:00,99580.38
2026-09-01 11:34:00,99580.38
2026-09-01 11:35:00,99580.38
2026-09-01 11:36:00,99580.38
2026-09-01 11:37:00,99580.38
2026-09-01 11:38:00,99580.38
2026-09-01 11:39:00,99580.38
2026-09-01 11:40:00,99580.38
2026-09-01 11:41:00,99583.82
2026-09-01 11:42:00,99566.65
2026-09-01 11:43:00,99575.89
2026-09-01 11:44:00,99618.13
2026-09-01 11:45:00,99635.28
2026-09-01 11:46:00,99670.93
2026-09-01 11:47:00,99683.47
2026-09-01 11:48:00,99688.09
2026-09-01 11:49:00,99696.01
2026-09-01 11:50:00,99673.57
2026-09-01 11:51:00,99679.51
2026-09-01 11:52:00,99672.91
2026-09-01 11:53:00,99693.37
2026-09-01 11:54:00,99690.53
2026-09-01 11:55:00,99672.25
2026-09-01 11:56:00,99653.77
2026-09-01 11:57:00,99636.24
2026-09-01 11:58:00,99648.49
2026-09-01 11:59:00,99645.85
2026-09-01 12:00:00,99636.61
2026-09-01 12:01:00,99607.57
2026-09-01 12:02:00,99583.44
2026-09-01 12:03:00,99583.44
2026-09-01 12:04:00,99583.44
2026-09-01 12:05:00,99583.44
2026-09-01 12:06:00,99583.44
2026-09-01 12:07:00,99583.44
2026-09-01 12:08:00,99583.44
2026-09-01 12:09:00,99583.44
2026-09-01 12:10:00,99583.44
2026-09-01 12:11:00,99583.44
2026-09-01 12:12:00,99583.44
2026-09-01 12:13:00,99583.44
2026-09-01 12:14:00,99583.44
2026-09-01 12:15:00,99583.44
2026-09-01 12:16:00,99583.44
2026-09-01 12:17:00,99583.44
2026-09-01 12:18:00,99583.44
2026-09-01 12:19:00,99583.44
2026-09-01 12:20:00,99583.44
2026-09-01 12:21:00,99583.44
2026-09-01 12:22:00,99583.44
2026-09-01 12:23:00,99583.44
2026-09-01 12:24:00,99583.44
2026-09-01 12:25:00,99583.44
2026-09-01 12:26:00,99583.44
2026-09-01 12:27:00,99583.44
2026-09-01 12:28:00,99583.44
2026-09-01 12:29:00,99583.44
2026-09-01 12:30:00,99583.44
2026-09-01 12:31:00,99583.44
2026-09-01 12:32:00,99583.44
2026-09-01 12:33:00,99583.44
2026-09-01 12:34:00,99583.44
2026-09-01 12:35:00,99583.44
2026-09-01 12:36:00,99583.44
2026-09-01 12:37:00,99583.44
2026-09-01 12:38:00,99583.44
2026-09-01 12:39:00,99583.44
2026-09-01 12:40:00,99583.44
2026-09-01 12:41:00,99583.44
2026-09-01 12:42:00,99583.44
2026-09-01 12:43:00,99583.44
2026-09-01 12:44:00,99583.44
2026-09-01 12:45:00,99583.44
2026-09-01 12:46:00,99583.44
2026-09-01 12:47:00,99583.44
2026-09-01 12:48:00,99583.44
2026-09-01 12:49:00,99583.44
2026-09-01 12:50:00,99583.44
2026-09-01 12:51:00,99583.44
2026-09-01 12:52:00,99583.44
2026-09-01 12:53:00,99583.44
2026-09-01 12:54:00,99583.44
2026-09-01 12:55:00,99583.44
2026-09-01 12:56:00,99583.44
2026-09-01 12:57:00,99583.44
2026-09-01 12:58:00,99583.44
2026-09-01 12:59:00,99583.44
2026-09-01 13:00:00,99583.44
2026-09-01 13:01:00,99583.44
2026-09-01 13:02:00,99583.44
2026-09-01 13:03:00,99583.44
2026-09-01 13:04:00,99583.44
2026-09-01 13:05:00,99583.44
2026-09-01 13:06:00,99583.44
2026-09-01 13:07:00,99583.44
2026-09-01 13:08:00,99583.44
2026-09-01 13:09:00,99583.44
2026-09-01 13:10:00,99583.44
2026-09-01 13:11:00,99583.44
2026-09-01 13:12:00,99583.44
2026-09-01 13:13:00,99583.44
2026-09-01 13:14:00,99583.44
2026-09-01 13:15:00,99583.44
2026-09-01 13:16:00,99583.44
2026-09-01 13:17:00,99583.44
2026-09-01 13:18:00,99583.44
2026-09-01 13:19:00,99583.44
2026-09-01 13:20:00,99583.44
2026-09-01 13:21:00,99583.44
2026-09-01 13:22:00,99583.44
2026-09-01 13:23:00,99583.44
2026-09-01 13:24:00,99583.44
2026-09-01 13:25:00,99583.44
2026-09-01 13:26:00,99583.44
2026-09-01 13:27:00,99583.44
2026-09-01 13:28:00,99583.44
2026-09-01 13:29:00,99583.44
2026-09-01 13:30:00,99583.44
2026-09-01 13:31:00,99583.44
2026-09-01 13:32:00,99583.44
2026-09-01 13:33:00,99583.44
2026-09-01 13:34:00,99583.44
2026-09-01 13:35:00,99583.44
2026-09-01 13:36:00,99583.44
2026-09-01 13:37:00,99583.44
2026-09-01 13:38:00,99583.44
2026-09-01 13:39:00,99583.44
2026-09-01 13:40:00,99583.44
2026-09-01 13:41:00,99583.44
2026-09-01 13:42:00,99583.44
2026-09-01 13:43:00,99583.44
2026-09-01 13:44:00,99583.44
2026-09-01 13:45:00,99583.44
2026-09-01 13:46:00,99583.44
2026-09-01 13:47:00,99583.44
2026-09-01 13:48:00,99583.44
2026-09-01 13:49:00,99583.44
2026-09-01 13:50:00,99583.44
2026-09-01 13:51:00,99583.44
2026-09-01 13:52:00,99583.44
2026-09-01 13:53:00,99583.44
2026-09-01 13:54:00,99583.44
2026-09-01 13:55:00,99583.44
2026-09-01 13:56:00,99583.44
2026-09-01 13:57:00,99583.44
2026-09-01 13:58:00,99583.44
2026-09-01 13:59:00,99583.44
2026-09-01 14:00:00,99583.44
2026-09-01 14:01:00,99583.44
2026-09-01 14:02:00,99583.44
2026-09-01 14:03:00,99583.44
2026-09-01 14:04:00,99583.44
2026-09-01 14:05:00,99583.44
2026-09-01 14:06:00,99583.44
2026-09-01 14:07:00,99583.44
2026-09-01 14:08:00,99583.44
2026-09-01 14:09:00,99583.44
2026-09-01 14:10:00,99583.44
2026-09-01 14:11:00,99583.44
2026-09-01 14:12:00,99583.44
2026-09-01 14:13:00,99583.44
2026-09-01 14:14:00,99583.44
2026-09-01 14:15:00,99583.44
2026-09-01 14:16:00,99583.44
2026-09-01 14:17:00,99583.44
2026-09-01 14:18:00,99583.44
2026-09-01 14:19:00,99583.44
2026-09-01 14:20:00,99583.44
2026-09-01 14:21:00,99583.44
2026-09-01 14:22:00,99583.44
2026-09-01 14:23:00,99583.44
2026-09-01 14:24:00,99583.44
2026-09-01 14:25:00,99583.44
2026-09-01 14:26:00,99583.44
2026-09-01 14:27:00,99583.44
2026-09-01 14:28:00,99583.44
2026-09-01 14:29:00,99583.44
2026-09-01 14:30:00,99583.44
2026-09-01 14:31:00,99583.44
2026-09-01 14:32:00,99583.44
2026-09-01 14:33:00,99583.44
2026-09-01 14:34:00,99583.44
2026-09-01 14:35:00,99583.44
2026-09-01 14:36:00,99583.44
2026-09-01 14:37:00,99583.44
2026-09-01 14:38:00,99583.44
2026-09-01 14:39:00,99583.44
2026-09-01 14:40:00,99583.44
2026-09-01 14:41:00,99583.44
2026-09-01 14:42:00,99583.44
2026-09-01 14:43:00,99583.44
2026-09-01 14:44:00,99583.44
2026-09-01 14:45:00,99583.44
2026-09-01 14:46:00,99583.44
2026-09-01 14:47:00,99583.44
2026-09-01 14:48:00,99583.44
2026-09-01 14:49:00,99583.44
2026-09-01 14:50:00,99583.44
2026-09-01 14:51:00,99583.44
2026-09-01 14:52:00,99583.44
2026-09-01 14:53:00,99583.44
2026-09-01 14:54:00,99583.44
2026-09-01 14:55:00,99583.44
2026-09-01 14:56:00,99583.44
2026-09-01 14:57:00,99583.44
2026-09-01 14:58:00,99583.44
2026-09-01 14:59:00,99583.44
2026-09-01 15:00:00,99583.44
2026-09-01 15:01:00,99583.44
2026-09-01 15:02:00,99583.44
2026-09-01 15:03:00,99583.44
2026-09-01 15:04:00,99583.44
2026-09-01 15:05:00,99583.44
2026-09-01 15:06:00,99583.44
2026-09-01 15:07:00,99583.44
2026-09-01 15:08:00,99583.44
2026-09-01 15:09:00,99583.44
2026-09-01 15:10:00,99583.44
2026-09-01 15:11:00,99583.44
2026-09-01 15:12:00,99583.44
2026-09-01 15:13:00,99583.44
2026-09-01 15:14:00,99583.44
2026-09-01 15:15:00,99578.34
2026-09-01 15:16:00,99551.74
2026-09-01 15:17:00,99545.09
2026-09-01 15:18:00,99551.74
2026-09-01 15:19:00,99554.40
2026-09-01 15:20:00,99515.83
2026-09-01 15:21:00,99528.47
2026-09-01 15:22:00,99557.06
2026-09-01 15:23:00,99568.99
2026-09-01 15:24:00,99557.73
2026-09-01 15:25:00,99550.68
2026-09-01 15:26:00,99555.07
2026-09-01 15:27:00,99543.76
2026-09-01 15:28:00,99573.69
2026-09-01 15:29:00,99587.65
2026-09-01 15:30:00,99541.10
2026-09-01 15:31:00,99505.19
2026-09-01 15:32:00,99477.84
2026-09-01 15:33:00,99477.84
2026-09-01 15:34:00,99477.84
2026-09-01 15:35:00,99477.84
2026-09-01 15:36:00,99477.84
2026-09-01 15:37:00,99477.84
2026-09-01 15:38:00,99477.84
2026-09-01 15:39:00,99477.84
2026-09-01 15:40:00,99477.84
2026-09-01 15:41:00,99477.84
2026-09-01 15:42:00,99477.84
2026-09-01 15:43:00,99477.84
2026-09-01 15:44:00,99477.84
2026-09-01 15:45:00,99477.84
2026-09-01 15:46:00,99477.84
2026-09-01 15:47:00,99477.84
2026-09-01 15:48:00,99479.39
2026-09-01 15:49:00,99462.10
2026-09-01 15:50:00,99456.78
2026-09-01 15:51:00,99419.22
2026-09-01 15:52:00,99384.96
2026-09-01 15:53:00,99353.04
2026-09-01 15:54:00,99353.04
2026-09-01 15:55:00,99353.04
2026-09-01 15:56:00,99353.04
2026-09-01 15:57:00,99353.04
2026-09-01 15:58:00,99353.04
2026-09-01 15:59:00,99353.04
2026-09-01 16:00:00,99353.04
2026-09-01 16:01:00,99353.04
2026-09-01 16:02:00,99353.04
2026-09-01 16:03:00,99353.04
2026-09-01 16:04:00,99353.04
2026-09-01 16:05:00,99353.04
2026-09-01 16:06:00,99353.04
2026-09-01 16:07:00,99353.04
2026-09-01 16:08:00,99353.04
2026-09-01 16:09:00,99353.04
2026-09-01 16:10:00,99353.04
2026-09-01 16:11:00,99353.04
2026-09-01 16:12:00,99353.04
2026-09-01 16:13:00,99353.04
2026-09-01 16:14:00,99353.04
2026-09-01 16:15:00,99353.04
2026-09-01 16:16:00,99353.04
2026-09-01 16:17:00,99353.04
2026-09-01 16:18:00,99353.04
2026-09-01 16:19:00,99353.04
2026-09-01 16:20:00,99353.04
2026-09-01 16:21:00,99353.04
2026-09-01 16:22:00,99353.04
2026-09-01 16:23:00,99353.04
2026-09-01 16:24:00,99353.04
2026-09-01 16:25:00,99353.04
2026-09-01 16:26:00,99353.04
2026-09-01 16:27:00,99353.04
2026-09-01 16:28:00,99353.04
2026-09-01 16:29:00,99353.04
2026-09-01 16:30:00,99353.04
2026-09-01 16:31:00,99353.04
2026-09-01 16:32:00,99353.04
2026-09-01 16:33:00,99353.04
2026-09-01 16:34:00,99353.04
2026-09-01 16:35:00,99353.04
2026-09-01 16:36:00,99353.04
2026-09-01 16:37:00,99353.04
2026-09-01 16:38:00,99353.04
2026-09-01 16:39:00,99353.04
2026-09-01 16:40:00,99353.04
2026-09-01 16:41:00,99353.04
2026-09-01 16:42:00,99353.04
2026-09-01 16:43:00,99353.04
2026-09-01 16:44:00,99353.04
2026-09-01 16:45:00,99353.04
2026-09-01 16:46:00,99353.04
2026-09-01 16:47:00,99353.04
2026-09-01 16:48:00,99353.04
2026-09-01 16:49:00,99353.04
2026-09-01 16:50:00,99353.04
2026-09-01 16:51:00,99353.04
2026-09-01 16:52:00,99353.04
2026-09-01 16:53:00,99353.04
2026-09-01 16:54:00,99353.04
2026-09-01 16:55:00,99353.04
2026-09-01 16:56:00,99353.04
2026-09-01 16:57:00,99353.04
2026-09-01 16:58:00,99353.04
2026-09-01 16:59:00,99353.04
2026-09-01 17:01:00,99353.04
2026-09-01 17:02:00,99353.04
2026-09-01 17:03:00,99353.04
2026-09-01 17:04:00,99353.04
2026-09-01 17:05:00,99353.04
2026-09-01 17:07:00,99353.04
2026-09-01 17:09:00,99353.04
2026-09-01 17:10:00,99353.04
2026-09-01 17:11:00,99353.04
2026-09-01 17:12:00,99353.04
2026-09-01 17:13:00,99353.04
2026-09-01 17:14:00,99353.04
2026-09-01 17:15:00,99353.04
2026-09-01 17:16:00,99353.04
2026-09-01 17:18:00,99353.04
2026-09-01 17:19:00,99353.04
2026-09-01 17:20:00,99353.04
2026-09-01 17:21:00,99353.04
2026-09-01 17:22:00,99353.04
2026-09-01 17:23:00,99353.04
2026-09-01 17:25:00,99353.04
2026-09-01 17:26:00,99353.04
2026-09-01 17:27:00,99353.04
2026-09-01 17:28:00,99353.04
2026-09-01 17:29:00,99353.04
2026-09-01 17:30:00,99353.04
2026-09-01 17:31:00,99353.04
2026-09-01 17:32:00,99353.04
2026-09-01 17:33:00,99353.04
2026-09-01 17:34:00,99353.04
2026-09-01 17:35:00,99353.04
2026-09-01 17:36:00,99353.04
2026-09-01 17:37:00,99353.04
2026-09-01 17:39:00,99353.04
2026-09-01 17:40:00,99353.04
2026-09-01 17:41:00,99353.04
2026-09-01 17:42:00,99353.04
2026-09-01 17:43:00,99353.04
2026-09-01 17:45:00,99353.04
2026-09-01 17:46:00,99353.04
2026-09-01 17:47:00,99353.04
2026-09-01 17:48:00,99353.04
2026-09-01 17:49:00,99353.04
2026-09-01 17:50:00,99353.04
2026-09-01 17:51:00,99353.04
2026-09-01 17:52:00,99353.04
2026-09-01 17:54:00,99353.04
2026-09-01 17:55:00,99353.04
2026-09-01 17:56:00,99353.04
2026-09-01 17:57:00,99353.04
2026-09-01 17:58:00,99353.04
2026-09-01 17:59:00,99353.04
2026-09-01 18:00:00,99353.04
2026-09-01 18:01:00,99353.04
2026-09-01 18:02:00,99353.04
2026-09-01 18:03:00,99353.04
2026-09-01 18:05:00,99353.04
2026-09-01 18:06:00,99353.04
2026-09-01 18:07:00,99353.04
2026-09-01 18:08:00,99353.04
2026-09-01 18:09:00,99353.04
2026-09-01 18:10:00,99353.04
2026-09-01 18:11:00,99353.04
2026-09-01 18:12:00,99353.04
2026-09-01 18:13:00,99353.04
2026-09-01 18:15:00,99353.04
2026-09-01 18:16:00,99353.04
2026-09-01 18:17:00,99353.04
2026-09-01 18:19:00,99353.04
2026-09-01 18:20:00,99353.04
2026-09-01 18:21:00,99353.04
2026-09-01 18:22:00,99353.04
2026-09-01 18:23:00,99353.04
2026-09-01 18:24:00,99353.04
2026-09-01 18:25:00,99353.04
2026-09-01 18:26:00,99353.04
2026-09-01 18:27:00,99353.04
2026-09-01 18:28:00,99353.04
2026-09-01 18:30:00,99353.04
2026-09-01 18:31:00,99353.04
2026-09-01 18:32:00,99353.04
2026-09-01 18:34:00,99353.04
2026-09-01 18:38:00,99353.04
2026-09-01 18:39:00,99353.04
2026-09-01 18:43:00,99353.04
2026-09-01 18:44:00,99353.04
2026-09-01 18:45:00,99353.04
2026-09-01 18:47:00,99353.04
2026-09-01 18:48:00,99353.04
2026-09-01 18:49:00,99353.04
2026-09-01 18:50:00,99353.04
2026-09-01 18:51:00,99353.04
2026-09-01 18:52:00,99353.04
2026-09-01 18:53:00,99353.04
2026-09-01 18:54:00,99353.04
2026-09-01 18:55:00,99353.04
2026-09-01 18:56:00,99353.04
2026-09-01 18:57:00,99353.04
2026-09-01 18:58:00,99353.04
2026-09-01 18:59:00,99353.04
2026-09-01 19:00:00,99353.04
2026-09-01 19:01:00,99353.04
2026-09-01 19:02:00,99353.04
2026-09-01 19:03:00,99353.04
2026-09-01 19:04:00,99353.04
2026-09-01 19:07:00,99353.04
2026-09-01 19:08:00,99353.04
2026-09-01 19:09:00,99353.04
2026-09-01 19:13:00,99353.04
2026-09-01 19:17:00,99353.04
2026-09-01 19:19:00,99353.04
2026-09-01 19:20:00,99353.04
2026-09-01 19:21:00,99353.04
2026-09-01 19:22:00,99353.04
2026-09-01 19:23:00,99353.04
2026-09-01 19:24:00,99353.04
2026-09-01 19:25:00,99338.63
2026-09-01 19:26:00,99349.27
2026-09-01 19:27:00,99338.63
2026-09-01 19:28:00,99339.96
2026-09-01 19:30:00,99347.96
2026-09-01 19:31:00,99363.90
2026-09-01 19:33:00,99361.24
2026-09-01 19:34:00,99357.25
2026-09-01 19:36:00,99353.26
2026-09-01 19:37:00,99359.91
2026-09-01 19:38:00,99370.55
2026-09-01 19:39:00,99359.91
2026-09-01 19:40:00,99351.93
2026-09-01 19:41:00,99357.25
2026-09-01 19:42:00,99354.59
2026-09-01 19:43:00,99353.26
2026-09-01 19:44:00,99371.88
2026-09-01 19:45:00,99354.59
2026-09-01 19:46:00,99378.53
2026-09-01 19:47:00,99370.55
2026-09-01 19:48:00,99369.22
2026-09-01 19:50:00,99375.87
2026-09-01 19:51:00,99374.43
2026-09-01 19:52:00,99353.26
2026-09-01 19:53:00,99366.56
2026-09-01 19:54:00,99365.23
2026-09-01 19:56:00,99359.91
2026-09-01 19:57:00,99355.92
2026-09-01 19:58:00,99358.58
2026-09-01 19:59:00,99336.48
2026-09-02 04:00:00,99336.48
2026-09-02 04:01:00,99336.48
2026-09-02 04:02:00,99336.48
2026-09-02 04:03:00,99336.48
2026-09-02 04:04:00,99336.48
2026-09-02 04:05:00,99336.48
2026-09-02 04:06:00,99336.48
2026-09-02 04:07:00,99336.48
2026-09-02 04:08:00,99336.48
2026-09-02 04:09:00,99336.48
2026-09-02 04:10:00,99336.48
2026-09-02 04:11:00,99336.48
2026-09-02 04:12:00,99336.48
2026-09-02 04:13:00,99336.48
2026-09-02 04:14:00,99336.48
2026-09-02 04:15:00,99336.48
2026-09-02 04:16:00,99336.48
2026-09-02 04:17:00,99336.48
2026-09-02 04:18:00,99336.48
2026-09-02 04:19:00,99336.48
2026-09-02 04:20:00,99336.48
2026-09-02 04:21:00,99336.48
2026-09-02 04:22:00,99336.48
2026-09-02 04:23:00,99336.48
2026-09-02 04:24:00,99336.48
2026-09-02 04:25:00,99336.48
2026-09-02 04:26:00,99336.48
2026-09-02 04:27:00,99336.48
2026-09-02 04:28:00,99336.48
2026-09-02 04:29:00,99336.48
2026-09-02 04:30:00,99336.48
2026-09-02 04:31:00,99336.48
2026-09-02 04:32:00,99336.48
2026-09-02 04:33:00,99336.48
2026-09-02 04:35:00,99336.48
2026-09-02 04:36:00,99336.48
2026-09-02 04:37:00,99336.48
2026-09-02 04:38:00,99336.48
2026-09-02 04:43:00,99336.48
2026-09-02 04:44:00,99336.48
2026-09-02 04:45:00,99336.48
2026-09-02 04:46:00,99336.48
2026-09-02 04:47:00,99336.48
2026-09-02 04:48:00,99336.48
2026-09-02 04:50:00,99336.48
2026-09-02 04:51:00,99336.48
2026-09-02 04:52:00,99336.48
2026-09-02 04:53:00,99336.48
2026-09-02 04:54:00,99336.48
2026-09-02 04:55:00,99336.48
2026-09-02 04:56:00,99336.48
2026-09-02 04:57:00,99336.48
2026-09-02 04:58:00,99336.48
2026-09-02 04:59:00,99336.48
2026-09-02 05:00:00,99336.48
2026-09-02 05:01:00,99336.48
2026-09-02 05:02:00,99336.48
2026-09-02 05:03:00,99336.48
2026-09-02 05:04:00,99336.48
2026-09-02 05:05:00,99336.48
2026-09-02 05:06:00,99336.48
2026-09-02 05:07:00,99336.48
2026-09-02 05:08:00,99336.48
2026-09-02 05:09:00,99336.48
2026-09-02 05:10:00,99336.48
2026-09-02 05:11:00,99336.48
2026-09-02 05:12:00,99336.48
2026-09-02 05:13:00,99336.48
2026-09-02 05:14:00,99336.48
2026-09-02 05:15:00,99336.48
2026-09-02 05:16:00,99336.48
2026-09-02 05:17:00,99336.48
2026-09-02 05:18:00,99336.48
2026-09-02 05:19:00,99336.48
2026-09-02 05:20:00,99336.48
2026-09-02 05:21:00,99336.48
2026-09-02 05:22:00,99336.48
2026-09-02 05:23:00,99336.48
2026-09-02 05:24:00,99336.48
2026-09-02 05:25:00,99336.48
2026-09-02 05:26:00,99336.48
2026-09-02 05:27:00,99336.48
2026-09-02 05:28:00,99336.48
2026-09-02 05:29:00,99336.48
2026-09-02 05:30:00,99336.48
2026-09-02 05:31:00,99336.48
2026-09-02 05:32:00,99336.48
2026-09-02 05:33:00,99336.48
2026-09-02 05:34:00,99336.48
2026-09-02 05:35:00,99336.48
2026-09-02 05:36:00,99336.48
2026-09-02 05:37:00,99336.48
2026-09-02 05:38:00,99336.48
2026-09-02 05:39:00,99336.48
2026-09-02 05:40:00,99336.48
2026-09-02 05:41:00,99336.48
2026-09-02 05:42:00,99336.48
2026-09-02 05:43:00,99336.48
2026-09-02 05:44:00,99336.48
2026-09-02 05:45:00,99336.48
2026-09-02 05:46:00,99336.48
2026-09-02 05:47:00,99336.48
2026-09-02 05:48:00,99336.48
2026-09-02 05:49:00,99336.48
2026-09-02 05:50:00,99336.48
2026-09-02 05:52:00,99336.48
2026-09-02 05:53:00,99336.48
2026-09-02 05:54:00,99336.48
2026-09-02 05:55:00,99336.48
2026-09-02 05:56:00,99336.48
2026-09-02 05:57:00,99336.48
2026-09-02 05:58:00,99336.48
2026-09-02 05:59:00,99336.48
2026-09-02 06:00:00,99336.48
2026-09-02 06:01:00,99336.48
2026-09-02 06:02:00,99336.48
2026-09-02 06:03:00,99336.48
2026-09-02 06:04:00,99336.48
2026-09-02 06:05:00,99336.48
2026-09-02 06:06:00,99336.48
2026-09-02 06:07:00,99336.48
2026-09-02 06:08:00,99336.48
2026-09-02 06:09:00,99336.48
2026-09-02 06:10:00,99336.48
2026-09-02 06:11:00,99336.48
2026-09-02 06:12:00,99336.48
2026-09-02 06:13:00,99336.48
2026-09-02 06:14:00,99336.48
2026-09-02 06:15:00,99336.48
2026-09-02 06:16:00,99336.48
2026-09-02 06:17:00,99336.48
2026-09-02 06:19:00,99336.48
2026-09-02 06:20:00,99336.48
2026-09-02 06:21:00,99336.48
2026-09-02 06:22:00,99336.48
2026-09-02 06:23:00,99336.48
2026-09-02 06:24:00,99336.48
2026-09-02 06:25:00,99336.48
2026-09-02 06:26:00,99319.20
2026-09-02 06:27:00,99330.10
2026-09-02 06:28:00,99332.76
2026-09-02 06:29:00,99320.59
2026-09-02 06:30:00,99308.82
2026-09-02 06:31:00,99262.80
2026-09-02 06:32:00,99262.80
2026-09-02 06:33:00,99262.80
2026-09-02 06:34:00,99262.80
2026-09-02 06:35:00,99262.80
2026-09-02 06:36:00,99262.80
2026-09-02 06:37:00,99262.80
2026-09-02 06:38:00,99262.80
2026-09-02 06:39:00,99262.80
2026-09-02 06:40:00,99262.80
2026-09-02 06:41:00,99262.80
2026-09-02 06:42:00,99262.80
2026-09-02 06:43:00,99262.80
2026-09-02 06:44:00,99262.80
2026-09-02 06:45:00,99262.80
2026-09-02 06:46:00,99262.80
2026-09-02 06:47:00,99262.80
2026-09-02 06:48:00,99262.80
2026-09-02 06:49:00,99262.80
2026-09-02 06:50:00,99262.80
2026-09-02 06:51:00,99262.80
2026-09-02 06:52:00,99262.80
2026-09-02 06:53:00,99262.80
2026-09-02 06:54:00,99262.80
2026-09-02 06:55:00,99262.80
2026-09-02 06:56:00,99262.80
2026-09-02 06:57:00,99262.80
2026-09-02 06:58:00,99262.80
2026-09-02 06:59:00,99262.80
2026-09-02 07:00:00,99262.80
2026-09-02 07:01:00,99262.80
2026-09-02 07:02:00,99262.80
2026-09-02 07:03:00,99262.80
2026-09-02 07:04:00,99262.80
2026-09-02 07:05:00,99262.80
2026-09-02 07:06:00,99262.80
2026-09-02 07:07:00,99262.80
2026-09-02 07:08:00,99262.80
2026-09-02 07:09:00,99262.80
2026-09-02 07:10:00,99262.80
2026-09-02 07:11:00,99262.80
2026-09-02 07:12:00,99262.80
2026-09-02 07:13:00,99262.80
2026-09-02 07:14:00,99262.80
2026-09-02 07:15:00,99249.75
2026-09-02 07:16:00,99268.37
2026-09-02 07:17:00,99227.14
2026-09-02 07:18:00,99201.06
2026-09-02 07:19:00,99225.81
2026-09-02 07:20:00,99221.51
2026-09-02 07:21:00,99221.82
2026-09-02 07:22:00,99233.70
2026-09-02 07:23:00,99248.42
2026-09-02 07:24:00,99253.76
2026-09-02 07:25:00,99249.75
2026-09-02 07:26:00,99265.71
2026-09-02 07:27:00,99309.60
2026-09-02 07:28:00,99312.26
2026-09-02 07:29:00,99288.32
2026-09-02 07:30:00,99296.30
2026-09-02 07:31:00,99281.67
2026-09-02 07:32:00,99324.23
2026-09-02 07:33:00,99350.83
2026-09-02 07:34:00,99373.44
2026-09-02 07:35:00,99392.06
2026-09-02 07:36:00,99357.48
2026-09-02 07:37:00,99362.80
2026-09-02 07:38:00,99389.40
2026-09-02 07:39:00,99371.05
2026-09-02 07:40:00,99345.51
2026-09-02 07:41:00,99324.09
2026-09-02 07:42:00,99322.90
2026-09-02 07:43:00,99299.95
2026-09-02 07:44:00,99299.95
2026-09-02 07:45:00,99299.95
2026-09-02 07:46:00,99299.95
2026-09-02 07:47:00,99299.95
2026-09-02 07:48:00,99299.95
2026-09-02 07:49:00,99299.95
2026-09-02 07:50:00,99299.95
2026-09-02 07:51:00,99299.95
2026-09-02 07:52:00,99299.95
2026-09-02 07:53:00,99299.95
2026-09-02 07:54:00,99299.95
2026-09-02 07:55:00,99299.95
2026-09-02 07:56:00,99299.95
2026-09-02 07:57:00,99299.95
2026-09-02 07:58:00,99299.95
2026-09-02 07:59:00,99332.11
2026-09-02 08:00:00,99314.82
2026-09-02 08:01:00,99326.79
2026-09-02 08:02:00,99321.47
2026-09-02 08:03:00,99325.46
2026-09-02 08:04:00,99348.74
2026-09-02 08:05:00,99399.94
2026-09-02 08:06:00,99402.60
2026-09-02 08:07:00,99397.28
2026-09-02 08:08:00,99404.97
2026-09-02 08:09:00,99368.02
2026-09-02 08:10:00,99316.74
2026-09-02 08:11:00,99316.74
2026-09-02 08:12:00,99316.74
2026-09-02 08:13:00,99316.74
2026-09-02 08:14:00,99316.74
2026-09-02 08:15:00,99248.72
2026-09-02 08:16:00,99233.16
2026-09-02 08:17:00,99249.12
2026-09-02 08:18:00,99251.78
2026-09-02 08:19:00,99231.83
2026-09-02 08:20:00,99203.89
2026-09-02 08:21:00,99209.42
2026-09-02 08:22:00,99174.84
2026-09-02 08:23:00,99161.41
2026-09-02 08:24:00,99188.14
2026-09-02 08:25:00,99152.55
2026-09-02 08:26:00,99136.27
2026-09-02 08:27:00,99120.31
2026-09-02 08:28:00,99134.94
2026-09-02 08:29:00,99130.95
2026-09-02 08:30:00,99109.67
2026-09-02 08:31:00,99076.65
2026-09-02 08:32:00,99076.65
2026-09-02 08:33:00,99076.65
2026-09-02 08:34:00,99076.65
2026-09-02 08:35:00,99076.65
2026-09-02 08:36:00,99076.65
2026-09-02 08:37:00,99076.65
2026-09-02 08:38:00,99076.65
2026-09-02 08:39:00,99076.65
2026-09-02 08:40:00,99076.65
2026-09-02 08:41:00,99076.65
2026-09-02 08:42:00,99076.65
2026-09-02 08:43:00,99076.65
2026-09-02 08:44:00,99076.65
2026-09-02 08:45:00,99076.65
2026-09-02 08:46:00,99076.65
2026-09-02 08:47:00,99076.65
2026-09-02 08:48:00,99076.65
2026-09-02 08:49:00,99076.65
2026-09-02 08:50:00,99076.65
2026-09-02 08:51:00,99076.65
2026-09-02 08:52:00,99076.65
2026-09-02 08:53:00,99076.65
2026-09-02 08:54:00,99076.65
2026-09-02 08:55:00,99076.65
2026-09-02 08:56:00,99076.65
2026-09-02 08:57:00,99076.65
2026-09-02 08:58:00,99076.65
2026-09-02 08:59:00,99076.65
2026-09-02 09:00:00,99076.65
2026-09-02 09:01:00,99076.65
2026-09-02 09:02:00,99076.65
2026-09-02 09:03:00,99076.65
2026-09-02 09:04:00,99076.65
2026-09-02 09:05:00,99076.65
2026-09-02 09:06:00,99076.65
2026-09-02 09:07:00,99076.65
2026-09-02 09:08:00,99076.65
2026-09-02 09:09:00,99076.65
2026-09-02 09:10:00,99076.65
2026-09-02 09:11:00,99076.65
2026-09-02 09:12:00,99076.65
2026-09-02 09:13:00,99076.65
2026-09-02 09:14:00,99076.65
2026-09-02 09:15:00,99076.65
2026-09-02 09:16:00,99076.65
2026-09-02 09:17:00,99076.65
2026-09-02 09:18:00,99076.65
2026-09-02 09:19:00,99076.65
2026-09-02 09:20:00,99076.65
2026-09-02 09:21:00,99076.65
2026-09-02 09:22:00,99076.65
2026-09-02 09:23:00,99076.65
2026-09-02 09:24:00,99076.65
2026-09-02 09:25:00,99076.65
2026-09-02 09:26:00,99076.65
2026-09-02 09:27:00,99076.65
2026-09-02 09:28:00,99067.56
2026-09-02 09:29:00,99036.97
2026-09-02 09:30:00,98998.57
2026-09-02 09:31:00,98998.57
2026-09-02 09:32:00,98998.57
2026-09-02 09:33:00,98998.57
2026-09-02 09:34:00,98998.57
2026-09-02 09:35:00,98998.57
2026-09-02 09:36:00,98998.57
2026-09-02 09:37:00,98998.57
2026-09-02 09:38:00,98998.57
2026-09-02 09:39:00,98998.57
2026-09-02 09:40:00,98998.57
2026-09-02 09:41:00,98998.57
2026-09-02 09:42:00,98998.57
2026-09-02 09:43:00,98998.57
2026-09-02 09:44:00,98998.57
2026-09-02 09:45:00,98998.57
2026-09-02 09:46:00,98998.57
2026-09-02 09:47:00,98998.57
2026-09-02 09:48:00,98998.57
2026-09-02 09:49:00,98998.57
2026-09-02 09:50:00,98998.57
2026-09-02 09:51:00,98998.57
2026-09-02 09:52:00,98998.57
2026-09-02 09:53:00,98998.57
2026-09-02 09:54:00,98998.57
2026-09-02 09:55:00,98998.57
2026-09-02 09:56:00,98998.57
2026-09-02 09:57:00,98998.57
2026-09-02 09:58:00,98998.57
2026-09-02 09:59:00,98998.57
2026-09-02 10:00:00,98998.57
2026-09-02 10:01:00,98998.57
2026-09-02 10:02:00,98998.57
2026-09-02 10:03:00,98998.57
2026-09-02 10:04:00,98998.57
2026-09-02 10:05:00,98998.57
2026-09-02 10:06:00,98998.57
2026-09-02 10:07:00,98998.57
2026-09-02 10:08:00,98998.57
2026-09-02 10:09:00,98998.57
2026-09-02 10:10:00,98998.57
2026-09-02 10:11:00,98998.57
2026-09-02 10:12:00,98998.57
2026-09-02 10:13:00,98998.57
2026-09-02 10:14:00,98998.57
2026-09-02 10:15:00,98996.11
2026-09-02 10:16:00,99033.07
2026-09-02 10:17:00,99046.35
2026-09-02 10:18:00,99059.39
2026-09-02 10:19:00,99089.83
2026-09-02 10:20:00,99058.15
2026-09-02 10:21:00,99141.09
2026-09-02 10:22:00,99147.91
2026-09-02 10:23:00,99173.65
2026-09-02 10:24:00,99128.77
2026-09-02 10:25:00,99114.38
2026-09-02 10:26:00,99178.27
2026-09-02 10:27:00,99143.95
2026-09-02 10:28:00,99169.03
2026-09-02 10:29:00,99174.31
2026-09-02 10:30:00,99138.67
2026-09-02 10:31:00,99182.23
2026-09-02 10:32:00,99149.23
2026-09-02 10:33:00,99182.23
2026-09-02 10:34:00,99229.75
2026-09-02 10:35:00,99212.59
2026-09-02 10:36:00,99218.37
2026-09-02 10:37:00,99196.75
2026-09-02 10:38:00,99143.95
2026-09-02 10:39:00,99175.25
2026-09-02 10:40:00,99196.09
2026-09-02 10:41:00,99163.75
2026-09-02 10:42:00,99172.99
2026-09-02 10:43:00,99202.03
2026-09-02 10:44:00,99223.15
2026-09-02 10:45:00,99166.38
2026-09-02 10:46:00,99144.81
2026-09-02 10:47:00,99134.71
2026-09-02 10:48:00,99077.40
2026-09-02 10:49:00,99077.40
2026-09-02 10:50:00,99077.40
2026-09-02 10:51:00,99077.40
2026-09-02 10:52:00,99077.40
2026-09-02 10:53:00,99077.40
2026-09-02 10:54:00,99077.40
2026-09-02 10:55:00,99077.40
2026-09-02 10:56:00,99077.40
2026-09-02 10:57:00,99077.40
2026-09-02 10:58:00,99077.40
2026-09-02 10:59:00,99077.40
2026-09-02 11:00:00,99077.40
2026-09-02 11:01:00,99077.40
2026-09-02 11:02:00,99077.40
2026-09-02 11:03:00,99077.40
2026-09-02 11:04:00,99077.40
2026-09-02 11:05:00,99077.40
2026-09-02 11:06:00,99077.40
2026-09-02 11:07:00,99077.40
2026-09-02 11:08:00,99077.40
2026-09-02 11:09:00,99077.40
2026-09-02 11:10:00,99077.40
2026-09-02 11:11:00,99077.40
2026-09-02 11:12:00,99077.40
2026-09-02 11:13:00,99077.40
2026-09-02 11:14:00,99077.40
2026-09-02 11:15:00,99077.40
2026-09-02 11:16:00,99077.40
2026-09-02 11:17:00,99077.40
2026-09-02 11:18:00,99077.40
2026-09-02 11:19:00,99077.40
2026-09-02 11:20:00,99077.40
2026-09-02 11:21:00,99077.40
2026-09-02 11:22:00,99077.40
2026-09-02 11:23:00,99077.40
2026-09-02 11:24:00,99077.40
2026-09-02 11:25:00,99077.40
2026-09-02 11:26:00,99077.40
2026-09-02 11:27:00,99077.40
2026-09-02 11:28:00,99077.40
2026-09-02 11:29:00,99077.40
2026-09-02 11:30:00,99077.40
2026-09-02 11:31:00,99077.40
2026-09-02 11:32:00,99077.40
2026-09-02 11:33:00,99077.40
2026-09-02 11:34:00,99077.40
2026-09-02 11:35:00,99077.40
2026-09-02 11:36:00,99077.40
2026-09-02 11:37:00,99077.40
2026-09-02 11:38:00,99077.40
2026-09-02 11:39:00,99077.40
2026-09-02 11:40:00,99077.40
2026-09-02 11:41:00,99077.40
2026-09-02 11:42:00,99077.40
2026-09-02 11:43:00,99077.40
2026-09-02 11:44:00,99077.40
2026-09-02 11:45:00,99077.40
2026-09-02 11:46:00,99077.40
2026-09-02 11:47:00,99077.40
2026-09-02 11:48:00,99077.40
2026-09-02 11:49:00,99077.40
2026-09-02 11:50:00,99077.40
2026-09-02 11:51:00,99077.40
2026-09-02 11:52:00,99077.40
2026-09-02 11:53:00,99077.40
2026-09-02 11:54:00,99077.40
2026-09-02 11:55:00,99077.40
2026-09-02 11:56:00,99077.40
2026-09-02 11:57:00,99077.40
2026-09-02 11:58:00,99077.40
2026-09-02 11:59:00,99077.40
2026-09-02 12:00:00,99077.40
2026-09-02 12:01:00,99077.40
2026-09-02 12:02:00,99077.40
2026-09-02 12:03:00,99077.40
2026-09-02 12:04:00,99077.40
2026-09-02 12:05:00,99077.40
2026-09-02 12:06:00,99077.40
2026-09-02 12:07:00,99077.40
2026-09-02 12:08:00,99077.40
2026-09-02 12:09:00,99077.40
2026-09-02 12:10:00,99077.40
2026-09-02 12:11:00,99077.40
2026-09-02 12:12:00,99077.40
2026-09-02 12:13:00,99077.40
2026-09-02 12:14:00,99077.40
2026-09-02 12:15:00,99077.40
2026-09-02 12:16:00,99077.40
2026-09-02 12:17:00,99077.40
2026-09-02 12:18:00,99077.40
2026-09-02 12:19:00,99077.40
2026-09-02 12:20:00,99077.40
2026-09-02 12:21:00,99077.40
2026-09-02 12:22:00,99077.40
2026-09-02 12:23:00,99077.40
2026-09-02 12:24:00,99077.40
2026-09-02 12:25:00,99077.40
2026-09-02 12:26:00,99077.40
2026-09-02 12:27:00,99077.40
2026-09-02 12:28:00,99077.40
2026-09-02 12:29:00,99077.40
2026-09-02 12:30:00,99077.40
2026-09-02 12:31:00,99077.40
2026-09-02 12:32:00,99077.40
2026-09-02 12:33:00,99077.40
2026-09-02 12:34:00,99077.40
2026-09-02 12:35:00,99077.40
2026-09-02 12:36:00,99077.40
2026-09-02 12:37:00,99077.40
2026-09-02 12:38:00,99077.40
2026-09-02 12:39:00,99077.40
2026-09-02 12:40:00,99077.40
2026-09-02 12:41:00,99077.40
2026-09-02 12:42:00,99077.40
2026-09-02 12:43:00,99077.40
2026-09-02 12:44:00,99077.40
2026-09-02 12:45:00,99077.40
2026-09-02 12:46:00,99077.40
2026-09-02 12:47:00,99077.40
2026-09-02 12:48:00,99077.40
2026-09-02 12:49:00,99077.40
2026-09-02 12:50:00,99077.40
2026-09-02 12:51:00,99077.40
2026-09-02 12:52:00,99077.40
2026-09-02 12:53:00,99077.40
2026-09-02 12:54:00,99077.40
2026-09-02 12:55:00,99077.40
2026-09-02 12:56:00,99077.40
2026-09-02 12:57:00,99077.40
2026-09-02 12:58:00,99077.40
2026-09-02 12:59:00,99077.40
2026-09-02 13:00:00,99077.40
2026-09-02 13:01:00,99077.40
2026-09-02 13:02:00,99077.40
2026-09-02 13:03:00,99077.40
2026-09-02 13:04:00,99077.40
2026-09-02 13:05:00,99077.40
2026-09-02 13:06:00,99077.40
2026-09-02 13:07:00,99077.40
2026-09-02 13:08:00,99077.40
2026-09-02 13:09:00,99077.40
2026-09-02 13:10:00,99077.40
2026-09-02 13:11:00,99077.40
2026-09-02 13:12:00,99077.40
2026-09-02 13:13:00,99077.40
2026-09-02 13:14:00,99077.40
2026-09-02 13:15:00,99077.40
2026-09-02 13:16:00,99077.40
2026-09-02 13:17:00,99077.40
2026-09-02 13:18:00,99077.40
2026-09-02 13:19:00,99077.40
2026-09-02 13:20:00,99077.40
2026-09-02 13:21:00,99077.40
2026-09-02 13:22:00,99077.40
2026-09-02 13:23:00,99077.40
2026-09-02 13:24:00,99077.40
2026-09-02 13:25:00,99077.40
2026-09-02 13:26:00,99077.40
2026-09-02 13:27:00,99077.40
2026-09-02 13:28:00,99077.40
2026-09-02 13:29:00,99077.40
2026-09-02 13:30:00,99077.40
2026-09-02 13:31:00,99077.40
2026-09-02 13:32:00,99077.40
2026-09-02 13:33:00,99077.40
2026-09-02 13:34:00,99077.40
2026-09-02 13:35:00,99077.40
2026-09-02 13:36:00,99077.40
2026-09-02 13:37:00,99077.40
2026-09-02 13:38:00,99077.40
2026-09-02 13:39:00,99077.40
2026-09-02 13:40:00,99077.40
2026-09-02 13:41:00,99077.40
2026-09-02 13:42:00,99077.40
2026-09-02 13:43:00,99077.40
2026-09-02 13:44:00,99077.40
2026-09-02 13:45:00,99077.40
2026-09-02 13:46:00,99077.40
2026-09-02 13:47:00,99077.40
2026-09-02 13:48:00,99077.40
2026-09-02 13:49:00,99077.40
2026-09-02 13:50:00,99077.40
2026-09-02 13:51:00,99077.40
2026-09-02 13:52:00,99077.40
2026-09-02 13:53:00,99077.40
2026-09-02 13:54:00,99077.40
2026-09-02 13:55:00,99077.40
2026-09-02 13:56:00,99077.40
2026-09-02 13:57:00,99077.40
2026-09-02 13:58:00,99077.40
2026-09-02 13:59:00,99077.40
2026-09-02 14:00:00,99077.40
2026-09-02 14:01:00,99077.40
2026-09-02 14:02:00,99077.40
2026-09-02 14:03:00,99077.40
2026-09-02 14:04:00,99077.40
2026-09-02 14:05:00,99077.40
2026-09-02 14:06:00,99077.40
2026-09-02 14:07:00,99077.40
2026-09-02 14:08:00,99077.40
2026-09-02 14:09:00,99077.40
2026-09-02 14:10:00,99077.40
2026-09-02 14:11:00,99077.40
2026-09-02 14:12:00,99077.40
2026-09-02 14:13:00,99077.40
2026-09-02 14:14:00,99077.40
2026-09-02 14:15:00,99077.40
2026-09-02 14:16:00,99077.40
2026-09-02 14:17:00,99077.40
2026-09-02 14:18:00,99077.40
2026-09-02 14:19:00,99045.88
2026-09-02 14:20:00,99037.96
2026-09-02 14:21:00,99031.30
2026-09-02 14:22:00,99033.34
2026-09-02 14:23:00,99022.12
2026-09-02 14:24:00,99035.98
2026-09-02 14:25:00,99041.92
2026-09-02 14:26:00,99014.86
2026-09-02 14:27:00,98998.36
2026-09-02 14:28:00,98998.36
2026-09-02 14:29:00,99003.64
2026-09-02 14:30:00,99038.49
2026-09-02 14:31:00,99022.78
2026-09-02 14:32:00,99035.32
2026-09-02 14:33:00,99043.24
2026-09-02 14:34:00,99002.32
2026-09-02 14:35:00,99001.00
2026-09-02 14:36:00,98970.10
2026-09-02 14:37:00,98970.10
2026-09-02 14:38:00,98970.10
2026-09-02 14:39:00,98970.10
2026-09-02 14:40:00,98970.10
2026-09-02 14:41:00,98970.10
2026-09-02 14:42:00,98970.10
2026-09-02 14:43:00,98970.10
2026-09-02 14:44:00,98970.10
2026-09-02 14:45:00,98970.10
2026-09-02 14:46:00,98970.10
2026-09-02 14:47:00,98970.10
2026-09-02 14:48:00,98970.10
2026-09-02 14:49:00,98970.10
2026-09-02 14:50:00,98970.10
2026-09-02 14:51:00,98970.10
2026-09-02 14:52:00,98970.10
2026-09-02 14:53:00,98970.10
2026-09-02 14:54:00,98970.10
2026-09-02 14:55:00,98970.10
2026-09-02 14:56:00,98970.10
2026-09-02 14:57:00,98970.10
2026-09-02 14:58:00,98970.10
2026-09-02 14:59:00,98970.10
2026-09-02 15:00:00,98970.10
2026-09-02 15:01:00,98970.10
2026-09-02 15:02:00,98970.10
2026-09-02 15:03:00,98970.10
2026-09-02 15:04:00,98970.10
2026-09-02 15:05:00,98970.10
2026-09-02 15:06:00,98970.10
2026-09-02 15:07:00,98970.10
2026-09-02 15:08:00,98970.10
2026-09-02 15:09:00,98970.10
2026-09-02 15:10:00,98970.10
2026-09-02 15:11:00,98970.10
2026-09-02 15:12:00,98970.10
2026-09-02 15:13:00,98970.10
2026-09-02 15:14:00,98970.10
2026-09-02 15:15:00,98970.10
2026-09-02 15:16:00,98970.10
2026-09-02 15:17:00,98970.10
2026-09-02 15:18:00,98970.10
2026-09-02 15:19:00,98970.10
2026-09-02 15:20:00,98970.10
2026-09-02 15:21:00,98970.10
2026-09-02 15:22:00,98970.10
2026-09-02 15:23:00,98970.10
2026-09-02 15:24:00,98970.10
2026-09-02 15:25:00,98970.10
2026-09-02 15:26:00,98970.10
2026-09-02 15:27:00,98970.10
2026-09-02 15:28:00,98970.10
2026-09-02 15:29:00,98970.10
2026-09-02 15:30:00,98970.10
2026-09-02 15:31:00,98970.10
2026-09-02 15:32:00,98970.10
2026-09-02 15:33:00,98970.10
2026-09-02 15:34:00,98970.10
2026-09-02 15:35:00,98970.10
2026-09-02 15:36:00,98970.10
2026-09-02 15:37:00,98970.10
2026-09-02 15:38:00,98970.10
2026-09-02 15:39:00,98970.10
2026-09-02 15:40:00,98970.10
2026-09-02 15:41:00,98970.10
2026-09-02 15:42:00,98970.10
2026-09-02 15:43:00,98970.10
2026-09-02 15:44:00,98955.74
2026-09-02 15:45:00,98962.34
2026-09-02 15:46:00,98963.66
2026-09-02 15:47:00,98962.34
2026-09-02 15:48:00,98981.48
2026-09-02 15:49:00,98982.14
2026-09-02 15:50:00,98980.16
2026-09-02 15:51:00,98962.34
2026-09-02 15:52:00,98947.82
2026-09-02 15:53:00,98962.34
2026-09-02 15:54:00,99004.58
2026-09-02 15:55:00,98962.34
2026-09-02 15:56:00,98966.30
2026-09-02 15:57:00,98975.54
2026-09-02 15:58:00,98976.20
2026-09-02 15:59:00,99000.62
2026-09-02 16:00:00,99005.90
2026-09-02 16:01:00,99004.60
2026-09-02 16:02:00,99007.22
2026-09-02 16:03:00,99008.54
2026-09-02 16:04:00,99027.02
2026-09-02 16:05:00,99028.78
2026-09-02 16:06:00,99060.02
2026-09-02 16:07:00,99057.38
2026-09-02 16:08:00,99036.26
2026-09-02 16:09:00,99030.98
2026-09-02 16:10:00,99028.34
2026-09-02 16:11:00,99019.10
2026-09-02 16:12:00,99021.74
2026-09-02 16:13:00,99030.98
2026-09-02 16:14:00,99012.50
2026-09-02 16:15:00,98971.94
2026-09-02 16:16:00,98971.94
2026-09-02 16:17:00,98971.94
2026-09-02 16:18:00,98971.94
2026-09-02 16:19:00,98971.94
2026-09-02 16:20:00,98971.94
2026-09-02 16:21:00,98971.94
2026-09-02 16:22:00,98971.94
2026-09-02 16:23:00,98971.94
2026-09-02 16:24:00,98971.94
2026-09-02 16:25:00,98971.94
2026-09-02 16:26:00,98971.94
2026-09-02 16:27:00,98971.94
2026-09-02 16:28:00,98971.94
2026-09-02 16:29:00,98971.94
2026-09-02 16:30:00,98971.94
2026-09-02 16:31:00,98971.94
2026-09-02 16:32:00,98971.94
2026-09-02 16:33:00,98971.94
2026-09-02 16:34:00,98971.94
2026-09-02 16:35:00,98971.94
2026-09-02 16:36:00,98971.94
2026-09-02 16:37:00,98971.94
2026-09-02 16:38:00,98971.94
2026-09-02 16:39:00,98971.94
2026-09-02 16:40:00,98971.94
2026-09-02 16:41:00,98971.94
2026-09-02 16:42:00,98971.94
2026-09-02 16:43:00,98971.94
2026-09-02 16:44:00,98971.94
2026-09-02 16:45:00,98971.94
2026-09-02 16:46:00,98971.94
2026-09-02 16:47:00,98971.94
2026-09-02 16:48:00,98971.94
2026-09-02 16:49:00,98971.94
2026-09-02 16:50:00,98971.94
2026-09-02 16:51:00,98971.94
2026-09-02 16:52:00,98971.94
2026-09-02 16:53:00,98971.94
2026-09-02 16:54:00,98971.94
2026-09-02 16:55:00,98971.94
2026-09-02 16:56:00,98971.94
2026-09-02 16:57:00,98971.94
2026-09-02 16:58:00,98971.94
2026-09-02 16:59:00,98971.94
2026-09-02 17:00:00,98971.94
2026-09-02 17:01:00,98971.94
2026-09-02 17:02:00,98971.94
2026-09-02 17:03:00,98971.94
2026-09-02 17:04:00,98971.94
2026-09-02 17:05:00,98971.94
2026-09-02 17:06:00,98971.94
2026-09-02 17:09:00,98971.94
2026-09-02 17:10:00,98971.94
2026-09-02 17:11:00,98971.94
2026-09-02 17:12:00,98971.94
2026-09-02 17:15:00,98971.94
2026-09-02 17:16:00,98971.94
2026-09-02 17:17:00,98971.94
2026-09-02 17:18:00,98971.94
2026-09-02 17:19:00,98919.30
2026-09-02 17:20:00,98911.38
2026-09-02 17:21:00,98891.91
2026-09-02 17:22:00,98891.91
2026-09-02 17:23:00,98891.91
2026-09-02 17:24:00,98891.91
2026-09-02 17:25:00,98836.63
2026-09-02 17:26:00,98864.31
2026-09-02 17:27:00,98861.71
2026-09-02 17:28:00,98869.63
2026-09-02 17:29:00,98863.03
2026-09-02 17:30:00,98892.01
2026-09-02 17:31:00,98892.07
2026-09-02 17:32:00,98886.79
2026-09-02 17:33:00,98886.79
2026-09-02 17:34:00,98878.87
2026-09-02 17:35:00,98918.47
2026-09-02 17:36:00,98899.33
2026-09-02 17:37:00,98873.59
2026-09-02 17:38:00,98847.27
2026-09-02 17:39:00,98840.98
2026-09-02 17:40:00,98856.43
2026-09-02 17:43:00,98860.39
2026-09-02 17:44:00,98861.69
2026-09-02 17:46:00,98877.55
2026-09-02 17:47:00,98839.79
2026-09-02 17:48:00,98839.79
2026-09-02 17:49:00,98839.79
2026-09-02 17:50:00,98839.79
2026-09-02 17:51:00,98839.79
2026-09-02 17:52:00,98839.79
2026-09-02 17:54:00,98839.79
2026-09-02 17:55:00,98839.79
2026-09-02 17:56:00,98839.79
2026-09-02 17:58:00,98839.79
2026-09-02 18:00:00,98839.79
2026-09-02 18:01:00,98839.79
2026-09-02 18:02:00,98839.79
2026-09-02 18:03:00,98839.79
2026-09-02 18:04:00,98839.79
2026-09-02 18:05:00,98839.79
2026-09-02 18:06:00,98839.79
2026-09-02 18:07:00,98839.79
2026-09-02 18:08:00,98839.79
2026-09-02 18:09:00,98839.79
2026-09-02 18:10:00,98839.79
2026-09-02 18:11:00,98839.79
2026-09-02 18:12:00,98839.79
2026-09-02 18:13:00,98839.79
2026-09-02 18:14:00,98839.79
2026-09-02 18:15:00,98839.79
2026-09-02 18:16:00,98839.79
2026-09-02 18:17:00,98839.79
2026-09-02 18:18:00,98839.79
2026-09-02 18:19:00,98839.79
2026-09-02 18:20:00,98839.79
2026-09-02 18:21:00,98839.79
2026-09-02 18:22:00,98839.79
2026-09-02 18:23:00,98839.79
2026-09-02 18:24:00,98826.74
2026-09-02 18:25:00,98808.26
2026-09-02 18:26:00,98820.14
2026-09-02 18:27:00,98816.18
2026-09-02 18:28:00,98802.99
2026-09-02 18:29:00,98801.66
2026-09-02 18:31:00,98796.38
2026-09-02 18:33:00,98797.70
2026-09-02 18:34:00,98801.66
2026-09-02 18:35:00,98781.04
2026-09-02 18:36:00,98781.04
2026-09-02 18:37:00,98781.04
2026-09-02 18:38:00,98781.04
2026-09-02 18:39:00,98781.04
2026-09-02 18:41:00,98781.04
2026-09-02 18:42:00,98781.04
2026-09-02 18:43:00,98781.04
2026-09-02 18:45:00,98781.04
2026-09-02 18:47:00,98781.04
2026-09-02 18:48:00,98781.04
2026-09-02 18:49:00,98781.04
2026-09-02 18:50:00,98781.04
2026-09-02 18:52:00,98781.04
2026-09-02 18:53:00,98781.04
2026-09-02 18:54:00,98781.04
2026-09-02 18:55:00,98781.04
2026-09-02 18:56:00,98781.04
2026-09-02 18:58:00,98781.04
2026-09-02 19:00:00,98781.04
2026-09-02 19:01:00,98781.04
2026-09-02 19:04:00,98781.04
2026-09-02 19:05:00,98781.04
2026-09-02 19:07:00,98781.04
2026-09-02 19:09:00,98781.04
2026-09-02 19:11:00,98781.04
2026-09-02 19:12:00,98781.04
2026-09-02 19:15:00,98781.04
2026-09-02 19:16:00,98781.04
2026-09-02 19:17:00,98781.04
2026-09-02 19:18:00,98781.04
2026-09-02 19:19:00,98781.04
2026-09-02 19:20:00,98781.04
2026-09-02 19:21:00,98781.04
2026-09-02 19:22:00,98781.04
2026-09-02 19:24:00,98781.04
2026-09-02 19:25:00,98781.04
2026-09-02 19:29:00,98781.04
2026-09-02 19:30:00,98781.04
2026-09-02 19:33:00,98781.04
2026-09-02 19:34:00,98781.04
2026-09-02 19:35:00,98781.04
2026-09-02 19:36:00,98781.04
2026-09-02 19:37:00,98781.04
2026-09-02 19:39:00,98781.04
2026-09-02 19:41:00,98781.04
2026-09-02 19:42:00,98781.04
2026-09-02 19:44:00,98781.04
2026-09-02 19:45:00,98781.04
2026-09-02 19:46:00,98783.84
2026-09-02 19:47:00,98797.04
2026-09-02 19:48:00,98776.18
2026-09-02 19:49:00,98777.24
2026-09-02 19:52:00,98787.80
2026-09-02 19:53:00,98778.56
2026-09-02 19:54:00,98781.20
2026-09-02 19:55:00,98777.24
2026-09-02 19:56:00,98770.65
2026-09-02 19:57:00,98769.32
2026-09-02 19:58:00,98789.12
2026-09-02 19:59:00,98773.28
2026-09-03 04:00:00,98743.00
2026-09-03 04:01:00,98599.67
2026-09-03 04:02:00,98599.67
2026-09-03 04:03:00,98599.67
2026-09-03 04:04:00,98555.22
2026-09-03 04:05:00,98624.65
2026-09-03 04:06:00,98362.68
2026-09-03 04:07:00,98362.68
2026-09-03 04:08:00,98285.47
2026-09-03 04:09:00,98200.32
2026-09-03 04:10:00,98225.21
2026-09-03 04:11:00,98248.79
2026-09-03 04:12:00,98200.32
2026-09-03 04:13:00,98197.70
2026-09-03 04:14:00,98205.56
2026-09-03 04:15:00,98191.15
2026-09-03 04:16:00,98193.77
2026-09-03 04:17:00,98191.15
2026-09-03 04:18:00,98174.12
2026-09-03 04:19:00,98214.73
2026-09-03 04:20:00,98221.28
2026-09-03 04:21:00,98214.73
2026-09-03 04:22:00,98210.80
2026-09-03 04:23:00,98179.36
2026-09-03 04:24:00,98192.46
2026-09-03 04:25:00,98193.74
2026-09-03 04:26:00,98197.70
2026-09-03 04:27:00,98184.71
2026-09-03 04:28:00,98184.71
2026-09-03 04:29:00,98184.71
2026-09-03 04:30:00,98184.71
2026-09-03 04:31:00,98184.71
2026-09-03 04:32:00,98184.71
2026-09-03 04:33:00,98184.71
2026-09-03 04:34:00,98184.71
2026-09-03 04:35:00,98184.71
2026-09-03 04:36:00,98184.71
2026-09-03 04:37:00,98184.71
2026-09-03 04:38:00,98184.71
2026-09-03 04:39:00,98184.71
2026-09-03 04:40:00,98184.71
2026-09-03 04:41:00,98184.71
2026-09-03 04:42:00,98184.71
2026-09-03 04:43:00,98184.71
2026-09-03 04:45:00,98184.71
2026-09-03 04:46:00,98184.71
2026-09-03 04:48:00,98184.71
2026-09-03 04:49:00,98184.71
2026-09-03 04:50:00,98184.71
2026-09-03 04:51:00,98184.71
2026-09-03 04:52:00,98184.71
2026-09-03 04:53:00,98184.71
2026-09-03 04:54:00,98184.71
2026-09-03 04:55:00,98184.71
2026-09-03 04:56:00,98184.71
2026-09-03 04:57:00,98184.71
2026-09-03 04:58:00,98184.71
2026-09-03 04:59:00,98184.71
2026-09-03 05:00:00,98184.71
2026-09-03 05:01:00,98184.71
2026-09-03 05:02:00,98184.71
2026-09-03 05:03:00,98184.71
2026-09-03 05:04:00,98184.71
2026-09-03 05:05:00,98184.71
2026-09-03 05:06:00,98184.71
2026-09-03 05:07:00,98184.71
2026-09-03 05:08:00,98184.71
2026-09-03 05:09:00,98184.71
2026-09-03 05:10:00,98184.71
2026-09-03 05:11:00,98184.71
2026-09-03 05:12:00,98184.71
2026-09-03 05:13:00,98184.71
2026-09-03 05:14:00,98184.71
2026-09-03 05:15:00,98184.71
2026-09-03 05:16:00,98184.71
2026-09-03 05:17:00,98184.71
2026-09-03 05:18:00,98184.71
2026-09-03 05:19:00,98184.71
2026-09-03 05:20:00,98184.71
2026-09-03 05:21:00,98184.71
2026-09-03 05:22:00,98184.71
2026-09-03 05:25:00,98184.71
2026-09-03 05:26:00,98184.71
2026-09-03 05:27:00,98184.71
2026-09-03 05:28:00,98184.71
2026-09-03 05:29:00,98184.71
2026-09-03 05:30:00,98184.71
2026-09-03 05:31:00,98184.71
2026-09-03 05:32:00,98184.71
2026-09-03 05:33:00,98184.71
2026-09-03 05:34:00,98184.71
2026-09-03 05:36:00,98184.71
2026-09-03 05:37:00,98184.71
2026-09-03 05:38:00,98184.71
2026-09-03 05:39:00,98184.71
2026-09-03 05:40:00,98184.71
2026-09-03 05:41:00,98184.71
2026-09-03 05:42:00,98184.71
2026-09-03 05:43:00,98184.71
2026-09-03 05:44:00,98184.71
2026-09-03 05:46:00,98184.71
2026-09-03 05:47:00,98184.71
2026-09-03 05:48:00,98184.71
2026-09-03 05:49:00,98184.71
2026-09-03 05:50:00,98184.71
2026-09-03 05:51:00,98184.71
2026-09-03 05:52:00,98184.71
2026-09-03 05:53:00,98184.71
2026-09-03 05:54:00,98184.71
2026-09-03 05:55:00,98184.71
2026-09-03 05:56:00,98184.71
2026-09-03 05:57:00,98184.71
2026-09-03 05:58:00,98184.71
2026-09-03 05:59:00,98184.71
2026-09-03 06:00:00,98184.71
2026-09-03 06:01:00,98184.71
2026-09-03 06:02:00,98184.71
2026-09-03 06:03:00,98184.71
2026-09-03 06:04:00,98184.71
2026-09-03 06:06:00,98184.71
2026-09-03 06:07:00,98184.71
2026-09-03 06:08:00,98184.71
2026-09-03 06:09:00,98184.71
2026-09-03 06:10:00,98184.71
2026-09-03 06:11:00,98184.71
2026-09-03 06:12:00,98184.71
2026-09-03 06:13:00,98184.71
2026-09-03 06:14:00,98184.71
2026-09-03 06:15:00,98184.71
2026-09-03 06:16:00,98184.71
2026-09-03 06:17:00,98184.71
2026-09-03 06:18:00,98184.71
2026-09-03 06:19:00,98184.71
2026-09-03 06:20:00,98184.71
2026-09-03 06:21:00,98184.71
2026-09-03 06:22:00,98184.71
2026-09-03 06:23:00,98184.71
2026-09-03 06:24:00,98184.71
2026-09-03 06:25:00,98184.71
2026-09-03 06:26:00,98184.71
2026-09-03 06:29:00,98184.71
2026-09-03 06:32:00,98184.71
2026-09-03 06:33:00,98184.71
2026-09-03 06:34:00,98184.71
2026-09-03 06:35:00,98184.71
2026-09-03 06:36:00,98184.71
2026-09-03 06:37:00,98184.71
2026-09-03 06:38:00,98184.71
2026-09-03 06:39:00,98184.71
2026-09-03 06:40:00,98184.71
2026-09-03 06:41:00,98184.71
2026-09-03 06:42:00,98184.71
2026-09-03 06:43:00,98184.71
2026-09-03 06:45:00,98184.71
2026-09-03 06:46:00,98184.71
2026-09-03 06:47:00,98184.71
2026-09-03 06:48:00,98184.71
2026-09-03 06:49:00,98184.71
2026-09-03 06:50:00,98184.71
2026-09-03 06:51:00,98184.71
2026-09-03 06:52:00,98184.71
2026-09-03 06:53:00,98184.71
2026-09-03 06:54:00,98184.71
2026-09-03 06:55:00,98184.71
2026-09-03 06:56:00,98184.71
2026-09-03 06:57:00,98184.71
2026-09-03 06:58:00,98184.71
2026-09-03 07:00:00,98184.71
2026-09-03 07:01:00,98184.71
2026-09-03 07:02:00,98184.71
2026-09-03 07:03:00,98184.71
2026-09-03 07:04:00,98184.71
2026-09-03 07:05:00,98184.71
2026-09-03 07:06:00,98184.71
2026-09-03 07:07:00,98184.71
2026-09-03 07:08:00,98184.71
2026-09-03 07:09:00,98177.23
2026-09-03 07:10:00,98179.59
2026-09-03 07:11:00,98152.13
2026-09-03 07:12:00,98155.36
2026-09-03 07:13:00,98172.91
2026-09-03 07:14:00,98177.08
2026-09-03 07:15:00,98189.26
2026-09-03 07:16:00,98214.96
2026-09-03 07:17:00,98204.48
2026-09-03 07:18:00,98223.69
2026-09-03 07:19:00,98196.62
2026-09-03 07:20:00,98170.42
2026-09-03 07:21:00,98171.73
2026-09-03 07:22:00,98174.35
2026-09-03 07:23:00,98165.18
2026-09-03 07:24:00,98195.31
2026-09-03 07:25:00,98213.65
2026-09-03 07:26:00,98205.28
2026-09-03 07:27:00,98199.29
2026-09-03 07:28:00,98178.28
2026-09-03 07:29:00,98183.52
2026-09-03 07:30:00,98153.20
2026-09-03 07:31:00,98153.20
2026-09-03 07:32:00,98153.20
2026-09-03 07:33:00,98153.20
2026-09-03 07:34:00,98153.20
2026-09-03 07:36:00,98153.20
2026-09-03 07:37:00,98153.20
2026-09-03 07:38:00,98153.20
2026-09-03 07:39:00,98153.20
2026-09-03 07:40:00,98153.20
2026-09-03 07:41:00,98153.20
2026-09-03 07:42:00,98153.20
2026-09-03 07:43:00,98153.20
2026-09-03 07:44:00,98153.20
2026-09-03 07:45:00,98153.20
2026-09-03 07:46:00,98153.20
2026-09-03 07:47:00,98153.20
2026-09-03 07:48:00,98153.20
2026-09-03 07:49:00,98153.20
2026-09-03 07:50:00,98153.20
2026-09-03 07:51:00,98153.20
2026-09-03 07:52:00,98153.20
2026-09-03 07:53:00,98153.20
2026-09-03 07:54:00,98153.20
2026-09-03 07:55:00,98153.20
2026-09-03 07:56:00,98153.20
2026-09-03 07:57:00,98153.20
2026-09-03 07:58:00,98153.20
2026-09-03 07:59:00,98153.20
2026-09-03 08:00:00,98153.20
2026-09-03 08:01:00,98153.20
2026-09-03 08:02:00,98153.20
2026-09-03 08:03:00,98153.20
2026-09-03 08:04:00,98153.20
2026-09-03 08:05:00,98153.20
2026-09-03 08:06:00,98153.20
2026-09-03 08:07:00,98153.20
2026-09-03 08:08:00,98153.20
2026-09-03 08:09:00,98153.20
2026-09-03 08:10:00,98153.20
2026-09-03 08:11:00,98153.20
2026-09-03 08:12:00,98153.20
2026-09-03 08:13:00,98153.20
2026-09-03 08:14:00,98153.20
2026-09-03 08:15:00,98153.20
2026-09-03 08:16:00,98153.20
2026-09-03 08:17:00,98153.20
2026-09-03 08:18:00,98153.20
2026-09-03 08:19:00,98153.20
2026-09-03 08:20:00,98153.20
2026-09-03 08:21:00,98153.20
2026-09-03 08:22:00,98153.20
2026-09-03 08:23:00,98153.20
2026-09-03 08:24:00,98153.20
2026-09-03 08:25:00,98153.20
2026-09-03 08:26:00,98153.20
2026-09-03 08:27:00,98153.20
2026-09-03 08:28:00,98153.20
2026-09-03 08:29:00,98153.20
2026-09-03 08:30:00,98153.20
2026-09-03 08:31:00,98153.20
2026-09-03 08:32:00,98153.20
2026-09-03 08:33:00,98153.20
2026-09-03 08:34:00,98153.20
2026-09-03 08:35:00,98153.20
2026-09-03 08:36:00,98153.20
2026-09-03 08:37:00,98153.20
2026-09-03 08:38:00,98153.20
2026-09-03 08:39:00,98153.20
2026-09-03 08:40:00,98153.20
2026-09-03 08:41:00,98153.20
2026-09-03 08:42:00,98153.20
2026-09-03 08:43:00,98153.20
2026-09-03 08:44:00,98153.20
2026-09-03 08:45:00,98153.20
2026-09-03 08:46:00,98153.20
2026-09-03 08:47:00,98153.20
2026-09-03 08:48:00,98153.20
2026-09-03 08:49:00,98153.20
2026-09-03 08:50:00,98153.20
2026-09-03 08:51:00,98153.20
2026-09-03 08:52:00,98153.20
2026-09-03 08:53:00,98153.20
2026-09-03 08:54:00,98153.20
2026-09-03 08:55:00,98153.20
2026-09-03 08:56:00,98124.47
2026-09-03 08:57:00,98126.95
2026-09-03 08:58:00,98129.71
2026-09-03 08:59:00,98113.99
2026-09-03 09:00:00,98037.76
2026-09-03 09:01:00,98037.76
2026-09-03 09:02:00,98037.76
2026-09-03 09:03:00,98037.76
2026-09-03 09:04:00,98037.76
2026-09-03 09:05:00,98037.76
2026-09-03 09:06:00,98037.76
2026-09-03 09:07:00,98037.76
2026-09-03 09:08:00,98037.76
2026-09-03 09:09:00,98037.76
2026-09-03 09:10:00,98037.76
2026-09-03 09:11:00,98037.76
2026-09-03 09:12:00,98037.76
2026-09-03 09:13:00,98037.76
2026-09-03 09:14:00,98037.76
2026-09-03 09:15:00,98037.76
2026-09-03 09:16:00,98037.76
2026-09-03 09:17:00,98037.76
2026-09-03 09:18:00,98037.76
2026-09-03 09:19:00,98037.76
2026-09-03 09:20:00,98037.76
2026-09-03 09:21:00,98037.76
2026-09-03 09:22:00,98037.76
2026-09-03 09:23:00,98037.76
2026-09-03 09:24:00,98037.76
2026-09-03 09:25:00,98037.76
2026-09-03 09:26:00,98037.76
2026-09-03 09:27:00,98037.76
2026-09-03 09:28:00,98037.76
2026-09-03 09:29:00,98037.76
2026-09-03 09:30:00,98037.76
2026-09-03 09:31:00,97913.35
2026-09-03 09:32:00,97913.35
2026-09-03 09:33:00,97913.35
2026-09-03 09:34:00,97913.35
2026-09-03 09:35:00,97913.35
2026-09-03 09:36:00,97913.35
2026-09-03 09:37:00,97913.35
2026-09-03 09:38:00,97913.35
2026-09-03 09:39:00,97913.35
2026-09-03 09:40:00,97901.68
2026-09-03 09:41:00,97976.95
2026-09-03 09:42:00,97915.98
2026-09-03 09:43:00,97880.88
2026-09-03 09:44:00,97947.18
2026-09-03 09:45:00,97901.68
2026-09-03 09:46:00,97936.78
2026-09-03 09:47:00,97940.68
2026-09-03 09:48:00,97936.78
2026-09-03 09:49:00,97988.78
2026-09-03 09:50:00,97997.87
2026-09-03 09:51:00,98029.14
2026-09-03 09:52:00,97945.88
2026-09-03 09:53:00,97908.18
2026-09-03 09:54:00,97960.18
2026-09-03 09:55:00,97896.48
2026-09-03 09:56:00,97823.68
2026-09-03 09:57:00,97798.98
2026-09-03 09:58:00,97870.77
2026-09-03 09:59:00,97912.08
2026-09-03 10:00:00,97785.77
2026-09-03 10:01:00,97785.77
2026-09-03 10:02:00,97785.77
2026-09-03 10:03:00,97785.77
2026-09-03 10:04:00,97785.77
2026-09-03 10:05:00,97785.77
2026-09-03 10:06:00,97785.77
2026-09-03 10:07:00,97785.77
2026-09-03 10:08:00,97785.77
2026-09-03 10:09:00,97785.77
2026-09-03 10:10:00,97785.77
2026-09-03 10:11:00,97785.77
2026-09-03 10:12:00,97785.77
2026-09-03 10:13:00,97785.77
2026-09-03 10:14:00,97785.77
2026-09-03 10:15:00,97785.77
2026-09-03 10:16:00,97785.77
2026-09-03 10:17:00,97785.77
2026-09-03 10:18:00,97785.77
2026-09-03 10:19:00,97785.77
2026-09-03 10:20:00,97785.77
2026-09-03 10:21:00,97785.77
2026-09-03 10:22:00,97785.77
2026-09-03 10:23:00,97785.77
2026-09-03 10:24:00,97785.77
2026-09-03 10:25:00,97785.77
2026-09-03 10:26:00,97785.77
2026-09-03 10:27:00,97785.77
2026-09-03 10:28:00,97785.77
2026-09-03 10:29:00,97785.77
2026-09-03 10:30:00,97785.77
2026-09-03 10:31:00,97785.77
2026-09-03 10:32:00,97785.77
2026-09-03 10:33:00,97785.77
2026-09-03 10:34:00,97785.77
2026-09-03 10:35:00,97785.77
2026-09-03 10:36:00,97785.77
2026-09-03 10:37:00,97785.77
2026-09-03 10:38:00,97785.77
2026-09-03 10:39:00,97785.77
2026-09-03 10:40:00,97785.77
2026-09-03 10:41:00,97785.77
2026-09-03 10:42:00,97785.77
2026-09-03 10:43:00,97785.77
2026-09-03 10:44:00,97785.77
2026-09-03 10:45:00,97785.77
2026-09-03 10:46:00,97785.77
2026-09-03 10:47:00,97785.77
2026-09-03 10:48:00,97785.77
2026-09-03 10:49:00,97785.77
2026-09-03 10:50:00,97785.77
2026-09-03 10:51:00,97785.77
2026-09-03 10:52:00,97785.77
2026-09-03 10:53:00,97785.77
2026-09-03 10:54:00,97785.77
2026-09-03 10:55:00,97785.77
2026-09-03 10:56:00,97785.77
2026-09-03 10:57:00,97785.77
2026-09-03 10:58:00,97785.77
2026-09-03 10:59:00,97785.77
2026-09-03 11:00:00,97785.77
2026-09-03 11:01:00,97776.69
2026-09-03 11:02:00,97842.99
2026-09-03 11:03:00,97885.89
2026-09-03 11:04:00,97948.29
2026-09-03 11:05:00,97956.09
2026-09-03 11:06:00,97930.74
2026-09-03 11:07:00,97936.59
2026-09-03 11:08:00,97954.79
2026-09-03 11:09:00,97927.49
2026-09-03 11:10:00,97967.79
2026-09-03 11:11:00,98026.29
2026-09-03 11:12:00,97995.09
2026-09-03 11:13:00,98023.69
2026-09-03 11:14:00,98035.39
2026-09-03 11:15:00,98058.14
2026-09-03 11:16:00,98063.99
2026-09-03 11:17:00,98073.09
2026-09-03 11:18:00,98069.19
2026-09-03 11:19:00,98066.59
2026-09-03 11:20:00,98017.84
2026-09-03 11:21:00,98012.16
2026-09-03 11:22:00,98076.99
2026-09-03 11:23:00,98119.89
2026-09-03 11:24:00,98088.69
2026-09-03 11:25:00,98114.82
2026-09-03 11:26:00,98184.89
2026-09-03 11:27:00,98217.39
2026-09-03 11:28:00,98213.49
2026-09-03 11:29:00,98260.29
2026-09-03 11:30:00,98257.69
2026-09-03 11:31:00,98272.64
2026-09-03 11:32:00,98247.29
2026-09-03 11:33:00,98221.29
2026-09-03 11:34:00,98236.89
2026-09-03 11:35:00,98253.14
2026-09-03 11:36:00,98234.94
2026-09-03 11:37:00,98199.19
2026-09-03 11:38:00,98200.49
2026-09-03 11:39:00,98191.39
2026-09-03 11:40:00,98170.59
2026-09-03 11:41:00,98180.99
2026-09-03 11:42:00,98204.39
2026-09-03 11:43:00,98217.39
2026-09-03 11:44:00,98166.69
2026-09-03 11:45:00,98195.29
2026-09-03 11:46:00,98189.44
2026-09-03 11:47:00,98177.75
2026-09-03 11:48:00,98197.89
2026-09-03 11:49:00,98188.79
2026-09-03 11:50:00,98197.89
2026-09-03 11:51:00,98221.29
2026-09-03 11:52:00,98239.49
2026-09-03 11:53:00,98210.89
2026-09-03 11:54:00,98238.19
2026-09-03 11:55:00,98236.89
2026-09-03 11:56:00,98229.74
2026-09-03 11:57:00,98243.39
2026-09-03 11:58:00,98245.99
2026-09-03 11:59:00,98271.99
2026-09-03 12:00:00,98239.49
2026-09-03 12:01:00,98236.89
2026-09-03 12:02:00,98239.49
2026-09-03 12:03:00,98238.20
2026-09-03 12:04:00,98187.49
2026-09-03 12:05:00,98187.49
2026-09-03 12:06:00,98163.41
2026-09-03 12:07:00,98163.41
2026-09-03 12:08:00,98163.41
2026-09-03 12:09:00,98163.41
2026-09-03 12:10:00,98163.41
2026-09-03 12:11:00,98163.41
2026-09-03 12:12:00,98163.41
2026-09-03 12:13:00,98163.41
2026-09-03 12:14:00,98163.41
2026-09-03 12:15:00,98163.41
2026-09-03 12:16:00,98163.41
2026-09-03 12:17:00,98163.41
2026-09-03 12:18:00,98163.41
2026-09-03 12:19:00,98163.41
2026-09-03 12:20:00,98163.41
2026-09-03 12:21:00,98163.41
2026-09-03 12:22:00,98163.41
2026-09-03 12:23:00,98163.41
2026-09-03 12:24:00,98163.41
2026-09-03 12:25:00,98163.41
2026-09-03 12:26:00,98163.41
2026-09-03 12:27:00,98163.41
2026-09-03 12:28:00,98163.41
2026-09-03 12:29:00,98163.41
2026-09-03 12:30:00,98163.41
2026-09-03 12:31:00,98163.41
2026-09-03 12:32:00,98163.41
2026-09-03 12:33:00,98163.41
2026-09-03 12:34:00,98163.41
2026-09-03 12:35:00,98163.41
2026-09-03 12:36:00,98163.41
2026-09-03 12:37:00,98163.41
2026-09-03 12:38:00,98163.41
2026-09-03 12:39:00,98163.41
2026-09-03 12:40:00,98163.41
2026-09-03 12:41:00,98163.41
2026-09-03 12:42:00,98163.41
2026-09-03 12:43:00,98163.41
2026-09-03 12:44:00,98163.41
2026-09-03 12:45:00,98163.41
2026-09-03 12:46:00,98163.41
2026-09-03 12:47:00,98163.41
2026-09-03 12:48:00,98163.41
2026-09-03 12:49:00,98163.41
2026-09-03 12:50:00,98163.41
2026-09-03 12:51:00,98163.41
2026-09-03 12:52:00,98163.41
2026-09-03 12:53:00,98163.41
2026-09-03 12:54:00,98163.41
2026-09-03 12:55:00,98163.41
2026-09-03 12:56:00,98163.41
2026-09-03 12:57:00,98163.41
2026-09-03 12:58:00,98123.35
2026-09-03 12:59:00,98111.09
2026-09-03 13:00:00,98090.45
2026-09-03 13:01:00,98118.19
2026-09-03 13:02:00,98071.25
2026-09-03 13:03:00,98071.25
2026-09-03 13:04:00,98071.25
2026-09-03 13:05:00,98071.25
2026-09-03 13:06:00,98071.25
2026-09-03 13:07:00,98071.25
2026-09-03 13:08:00,98071.25
2026-09-03 13:09:00,98071.25
2026-09-03 13:10:00,98071.25
2026-09-03 13:11:00,98071.25
2026-09-03 13:12:00,98071.25
2026-09-03 13:13:00,98071.25
2026-09-03 13:14:00,98071.25
2026-09-03 13:15:00,98071.25
2026-09-03 13:16:00,98071.25
2026-09-03 13:17:00,98071.25
2026-09-03 13:18:00,98071.25
2026-09-03 13:19:00,98071.25
2026-09-03 13:20:00,98071.25
2026-09-03 13:21:00,98071.25
2026-09-03 13:22:00,98071.25
2026-09-03 13:23:00,98071.25
2026-09-03 13:24:00,98071.25
2026-09-03 13:25:00,98071.25
2026-09-03 13:26:00,98071.25
2026-09-03 13:27:00,98071.25
2026-09-03 13:28:00,98071.25
2026-09-03 13:29:00,98071.25
2026-09-03 13:30:00,98071.25
2026-09-03 13:31:00,98071.25
2026-09-03 13:32:00,98071.25
2026-09-03 13:33:00,98071.25
2026-09-03 13:34:00,98071.25
2026-09-03 13:35:00,98071.25
2026-09-03 13:36:00,98071.25
2026-09-03 13:37:00,98071.25
2026-09-03 13:38:00,98071.25
2026-09-03 13:39:00,98071.25
2026-09-03 13:40:00,98071.25
2026-09-03 13:41:00,98071.25
2026-09-03 13:42:00,98071.25
2026-09-03 13:43:00,98071.25
2026-09-03 13:44:00,98071.25
2026-09-03 13:45:00,98071.25
2026-09-03 13:46:00,98071.25
2026-09-03 13:47:00,98071.25
2026-09-03 13:48:00,98071.25
2026-09-03 13:49:00,98071.25
2026-09-03 13:50:00,98071.25
2026-09-03 13:51:00,98071.25
2026-09-03 13:52:00,98071.25
2026-09-03 13:53:00,98053.12
2026-09-03 13:54:00,98050.54
2026-09-03 13:55:00,98060.22
2026-09-03 13:56:00,98064.73
2026-09-03 13:57:00,98045.38
2026-09-03 13:58:00,98037.64
2026-09-03 13:59:00,98042.80
2026-09-03 14:00:00,98104.72
2026-09-03 14:01:00,98126.65
2026-09-03 14:02:00,98111.17
2026-09-03 14:03:00,98125.36
2026-09-03 14:04:00,98136.97
2026-09-03 14:05:00,98136.97
2026-09-03 14:06:00,98126.01
2026-09-03 14:07:00,98122.78
2026-09-03 14:08:00,98131.81
2026-09-03 14:09:00,98139.55
2026-09-03 14:10:00,98144.71
2026-09-03 14:11:00,98136.97
2026-09-03 14:12:00,98127.94
2026-09-03 14:13:00,98142.78
2026-09-03 14:14:00,98135.68
2026-09-03 14:15:00,98165.35
2026-09-03 14:16:00,98159.55
2026-09-03 14:17:00,98166.64
2026-09-03 14:18:00,98139.55
2026-09-03 14:19:00,98131.81
2026-09-03 14:20:00,98132.46
2026-09-03 14:21:00,98136.97
2026-09-03 14:22:00,98130.52
2026-09-03 14:23:00,98111.17
2026-09-03 14:24:00,98131.81
2026-09-03 14:25:00,98142.13
2026-09-03 14:26:00,98125.36
2026-09-03 14:27:00,98122.79
2026-09-03 14:28:00,98128.59
2026-09-03 14:29:00,98127.30
2026-09-03 14:30:00,98132.46
2026-09-03 14:31:00,98095.89
2026-09-03 14:32:00,98095.89
2026-09-03 14:33:00,98095.89
2026-09-03 14:34:00,98095.89
2026-09-03 14:35:00,98095.89
2026-09-03 14:36:00,98095.89
2026-09-03 14:37:00,98095.89
2026-09-03 14:38:00,98095.89
2026-09-03 14:39:00,98095.89
2026-09-03 14:40:00,98095.89
2026-09-03 14:41:00,98095.89
2026-09-03 14:42:00,98095.89
2026-09-03 14:43:00,98095.89
2026-09-03 14:44:00,98095.89
2026-09-03 14:45:00,98095.89
2026-09-03 14:46:00,98095.89
2026-09-03 14:47:00,98095.89
2026-09-03 14:48:00,98095.89
2026-09-03 14:49:00,98095.89
2026-09-03 14:50:00,98095.89
2026-09-03 14:51:00,98095.89
2026-09-03 14:52:00,98095.89
2026-09-03 14:53:00,98095.89
2026-09-03 14:54:00,98095.89
2026-09-03 14:55:00,98095.89
2026-09-03 14:56:00,98095.89
2026-09-03 14:57:00,98095.89
2026-09-03 14:58:00,98095.89
2026-09-03 14:59:00,98095.89
2026-09-03 15:00:00,98095.89
2026-09-03 15:01:00,98095.89
2026-09-03 15:02:00,98095.89
2026-09-03 15:03:00,98095.89
2026-09-03 15:04:00,98095.89
2026-09-03 15:05:00,98095.89
2026-09-03 15:06:00,98095.89
2026-09-03 15:07:00,98095.89
2026-09-03 15:08:00,98095.89
2026-09-03 15:09:00,98095.89
2026-09-03 15:10:00,98095.89
2026-09-03 15:11:00,98095.89
2026-09-03 15:12:00,98095.89
2026-09-03 15:13:00,98095.89
2026-09-03 15:14:00,98095.89
2026-09-03 15:15:00,98095.89
2026-09-03 15:16:00,98095.89
2026-09-03 15:17:00,98095.89
2026-09-03 15:18:00,98095.89
2026-09-03 15:19:00,98095.89
2026-09-03 15:20:00,98095.89
2026-09-03 15:21:00,98095.89
2026-09-03 15:22:00,98095.89
2026-09-03 15:23:00,98095.89
2026-09-03 15:24:00,98095.89
2026-09-03 15:25:00,98095.89
2026-09-03 15:26:00,98095.89
2026-09-03 15:27:00,98095.89
2026-09-03 15:28:00,98095.89
2026-09-03 15:29:00,98095.89
2026-09-03 15:30:00,98095.89
2026-09-03 15:31:00,98095.89
2026-09-03 15:32:00,98095.89
2026-09-03 15:33:00,98095.89
2026-09-03 15:34:00,98095.89
2026-09-03 15:35:00,98095.89
2026-09-03 15:36:00,98095.89
2026-09-03 15:37:00,98095.89
2026-09-03 15:38:00,98095.89
2026-09-03 15:39:00,98095.89
2026-09-03 15:40:00,98095.89
2026-09-03 15:41:00,98095.89
2026-09-03 15:42:00,98095.89
2026-09-03 15:43:00,98095.89
2026-09-03 15:44:00,98095.89
2026-09-03 15:45:00,98095.89
2026-09-03 15:46:00,98095.89
2026-09-03 15:47:00,98095.89
2026-09-03 15:48:00,98095.89
2026-09-03 15:49:00,98095.89
2026-09-03 15:50:00,98095.89
2026-09-03 15:51:00,98095.89
2026-09-03 15:52:00,98095.89
2026-09-03 15:53:00,98095.89
2026-09-03 15:54:00,98095.89
2026-09-03 15:55:00,98095.89
2026-09-03 15:56:00,98095.89
2026-09-03 15:57:00,98095.89
2026-09-03 15:58:00,98095.89
2026-09-03 15:59:00,98095.89
2026-09-03 16:00:00,98095.89
2026-09-03 16:01:00,98095.89
2026-09-03 16:02:00,98095.89
2026-09-03 16:03:00,98095.89
2026-09-03 16:04:00,98095.89
2026-09-03 16:05:00,98095.89
2026-09-03 16:06:00,98095.89
2026-09-03 16:07:00,98095.89
2026-09-03 16:08:00,98095.89
2026-09-03 16:09:00,98095.89
2026-09-03 16:10:00,98095.89
2026-09-03 16:11:00,98095.89
2026-09-03 16:12:00,98095.89
2026-09-03 16:13:00,98095.89
2026-09-03 16:14:00,98095.89
2026-09-03 16:15:00,98095.89
2026-09-03 16:16:00,98095.89
2026-09-03 16:17:00,98095.89
2026-09-03 16:18:00,98095.89
2026-09-03 16:19:00,98095.89
2026-09-03 16:20:00,98095.89
2026-09-03 16:21:00,98095.89
2026-09-03 16:22:00,98095.89
2026-09-03 16:23:00,98095.89
2026-09-03 16:24:00,98095.89
2026-09-03 16:25:00,98095.89
2026-09-03 16:26:00,98095.89
2026-09-03 16:27:00,98095.89
2026-09-03 16:28:00,98095.89
2026-09-03 16:29:00,98095.89
2026-09-03 16:30:00,98095.89
2026-09-03 16:31:00,98095.89
2026-09-03 16:32:00,98095.89
2026-09-03 16:33:00,98095.89
2026-09-03 16:34:00,98095.89
2026-09-03 16:35:00,98095.89
2026-09-03 16:36:00,98095.89
2026-09-03 16:37:00,98095.89
2026-09-03 16:38:00,98095.89
2026-09-03 16:39:00,98095.89
2026-09-03 16:40:00,98095.89
2026-09-03 16:41:00,98095.89
2026-09-03 16:42:00,98095.89
2026-09-03 16:43:00,98095.89
2026-09-03 16:44:00,98095.89
2026-09-03 16:46:00,98095.89
2026-09-03 16:47:00,98095.89
2026-09-03 16:48:00,98095.89
2026-09-03 16:49:00,98095.89
2026-09-03 16:50:00,98095.89
2026-09-03 16:51:00,98095.89
2026-09-03 16:52:00,98095.89
2026-09-03 16:53:00,98095.89
2026-09-03 16:54:00,98095.89
2026-09-03 16:55:00,98095.89
2026-09-03 16:56:00,98095.89
2026-09-03 16:57:00,98095.89
2026-09-03 16:58:00,98095.89
2026-09-03 16:59:00,98095.89
2026-09-03 17:00:00,98095.89
2026-09-03 17:01:00,98095.89
2026-09-03 17:02:00,98095.89
2026-09-03 17:03:00,98095.89
2026-09-03 17:04:00,98095.89
2026-09-03 17:05:00,98095.89
2026-09-03 17:06:00,98095.89
2026-09-03 17:07:00,98095.89
2026-09-03 17:08:00,98095.89
2026-09-03 17:09:00,98095.89
2026-09-03 17:11:00,98095.89
2026-09-03 17:12:00,98095.89
2026-09-03 17:13:00,98095.89
2026-09-03 17:15:00,98095.89
2026-09-03 17:16:00,98095.89
2026-09-03 17:18:00,98095.89
2026-09-03 17:19:00,98095.89
2026-09-03 17:21:00,98095.89
2026-09-03 17:22:00,98095.89
2026-09-03 17:23:00,98095.89
2026-09-03 17:24:00,98095.89
2026-09-03 17:25:00,98095.89
2026-09-03 17:26:00,98095.89
2026-09-03 17:27:00,98095.89
2026-09-03 17:29:00,98095.89
2026-09-03 17:30:00,98095.89
2026-09-03 17:36:00,98095.89
2026-09-03 17:37:00,98095.89
2026-09-03 17:38:00,98095.89
2026-09-03 17:39:00,98095.89
2026-09-03 17:40:00,98095.89
2026-09-03 17:41:00,98095.89
2026-09-03 17:43:00,98095.89
2026-09-03 17:44:00,98095.89
2026-09-03 17:45:00,98095.89
2026-09-03 17:47:00,98081.64
2026-09-03 17:49:00,98076.48
2026-09-03 17:51:00,98058.36
2026-09-03 17:52:00,98058.36
2026-09-03 17:53:00,98058.36
2026-09-03 17:54:00,98058.36
2026-09-03 17:55:00,98058.36
2026-09-03 17:57:00,98058.36
2026-09-03 17:58:00,98058.36
2026-09-03 17:59:00,98058.36
2026-09-03 18:00:00,98058.36
2026-09-03 18:01:00,98058.36
2026-09-03 18:02:00,98058.36
2026-09-03 18:03:00,98058.36
2026-09-03 18:04:00,98058.36
2026-09-03 18:05:00,98058.36
2026-09-03 18:06:00,98058.36
2026-09-03 18:07:00,98058.36
2026-09-03 18:08:00,98058.36
2026-09-03 18:09:00,98058.36
2026-09-03 18:10:00,98058.36
2026-09-03 18:11:00,98058.36
2026-09-03 18:12:00,98058.36
2026-09-03 18:13:00,98058.36
2026-09-03 18:14:00,98058.36
2026-09-03 18:15:00,98058.36
2026-09-03 18:16:00,98058.36
2026-09-03 18:17:00,98058.36
2026-09-03 18:18:00,98058.36
2026-09-03 18:19:00,98058.36
2026-09-03 18:20:00,98058.36
2026-09-03 18:21:00,98058.36
2026-09-03 18:22:00,98058.36
2026-09-03 18:23:00,98058.36
2026-09-03 18:24:00,98058.36
2026-09-03 18:25:00,98058.36
2026-09-03 18:26:00,98058.36
2026-09-03 18:27:00,98058.36
2026-09-03 18:28:00,98058.36
2026-09-03 18:29:00,98058.36
2026-09-03 18:30:00,98058.36
2026-09-03 18:33:00,98058.36
2026-09-03 18:34:00,98058.36
2026-09-03 18:35:00,98058.36
2026-09-03 18:36:00,98058.36
2026-09-03 18:37:00,98058.36
2026-09-03 18:38:00,98058.36
2026-09-03 18:39:00,98058.36
2026-09-03 18:40:00,98058.36
2026-09-03 18:41:00,98058.36
2026-09-03 18:43:00,98058.36
2026-09-03 18:45:00,98058.36
2026-09-03 18:46:00,98058.36
2026-09-03 18:48:00,98058.36
2026-09-03 18:49:00,98058.36
2026-09-03 18:50:00,98058.36
2026-09-03 18:51:00,98058.36
2026-09-03 18:52:00,98058.36
2026-09-03 18:54:00,98058.36
2026-09-03 18:56:00,98058.36
2026-09-03 18:57:00,98058.36
2026-09-03 18:58:00,98058.36
2026-09-03 18:59:00,98058.36
2026-09-03 19:00:00,98040.24
2026-09-03 19:02:00,98041.53
2026-09-03 19:03:00,98053.14
2026-09-03 19:04:00,98044.11
2026-09-03 19:05:00,98044.11
2026-09-03 19:06:00,98037.66
2026-09-03 19:07:00,98019.54
2026-09-03 19:09:00,98019.54
2026-09-03 19:10:00,98019.54
2026-09-03 19:11:00,98019.54
2026-09-03 19:12:00,98019.54
2026-09-03 19:13:00,98019.54
2026-09-03 19:14:00,98019.54
2026-09-03 19:15:00,98019.54
2026-09-03 19:16:00,98019.54
2026-09-03 19:17:00,98019.54
2026-09-03 19:18:00,98019.54
2026-09-03 19:21:00,98019.54
2026-09-03 19:22:00,98019.54
2026-09-03 19:23:00,98019.54
2026-09-03 19:24:00,98019.54
2026-09-03 19:28:00,98019.54
2026-09-03 19:29:00,98019.54
2026-09-03 19:30:00,98019.54
2026-09-03 19:31:00,98019.54
2026-09-03 19:32:00,98019.54
2026-09-03 19:33:00,98019.54
2026-09-03 19:34:00,98019.54
2026-09-03 19:35:00,98019.54
2026-09-03 19:37:00,98019.54
2026-09-03 19:38:00,98019.54
2026-09-03 19:39:00,98019.54
2026-09-03 19:40:00,98019.54
2026-09-03 19:41:00,98019.54
2026-09-03 19:42:00,98019.54
2026-09-03 19:43:00,98019.54
2026-09-03 19:44:00,98019.54
2026-09-03 19:45:00,98019.54
2026-09-03 19:46:00,98019.54
2026-09-03 19:47:00,97998.84
2026-09-03 19:48:00,97996.13
2026-09-03 19:49:00,97980.71
2026-09-03 19:50:00,97980.71
2026-09-03 19:51:00,97980.71
2026-09-03 19:52:00,97980.71
2026-09-03 19:53:00,97980.71
2026-09-03 19:54:00,97980.71
2026-09-03 19:55:00,97980.71
2026-09-03 19:56:00,97980.71
2026-09-03 19:57:00,97980.71
2026-09-03 19:58:00,97980.71
2026-09-03 19:59:00,97980.71
2026-09-04 04:00:00,97980.71
2026-09-04 04:01:00,98194.77
2026-09-04 04:02:00,98215.41
2026-09-04 04:03:00,98179.29
2026-09-04 04:04:00,98175.42
2026-09-04 04:05:00,98190.90
2026-09-04 04:06:00,98047.85
2026-09-04 04:07:00,98042.58
2026-09-04 04:08:00,98042.58
2026-09-04 04:09:00,98037.42
2026-09-04 04:10:00,98033.55
2026-09-04 04:11:00,98040.00
2026-09-04 04:12:00,98033.55
2026-09-04 04:13:00,98002.59
2026-09-04 04:14:00,97997.43
2026-09-04 04:15:00,97998.72
2026-09-04 04:16:00,98001.30
2026-09-04 04:18:00,97990.98
2026-09-04 04:19:00,98000.01
2026-09-04 04:20:00,98018.71
2026-09-04 04:21:00,98020.65
2026-09-04 04:22:00,98007.75
2026-09-04 04:23:00,98008.37
2026-09-04 04:24:00,97981.95
2026-09-04 04:25:00,97988.40
2026-09-04 04:26:00,98030.97
2026-09-04 04:27:00,98021.94
2026-09-04 04:28:00,98059.35
2026-09-04 04:29:00,98059.35
2026-09-04 04:30:00,98049.03
2026-09-04 04:32:00,98028.39
2026-09-04 04:33:00,98023.23
2026-09-04 04:34:00,97994.65
2026-09-04 04:35:00,97994.65
2026-09-04 04:36:00,97994.65
2026-09-04 04:37:00,97994.65
2026-09-04 04:38:00,97994.65
2026-09-04 04:39:00,97994.65
2026-09-04 04:40:00,97994.65
2026-09-04 04:42:00,97994.65
2026-09-04 04:43:00,97994.65
2026-09-04 04:45:00,97994.65
2026-09-04 04:46:00,97994.65
2026-09-04 04:47:00,97994.65
2026-09-04 04:48:00,97994.65
2026-09-04 04:49:00,97994.65
2026-09-04 04:50:00,97994.65
2026-09-04 04:53:00,97994.65
2026-09-04 04:54:00,97994.65
2026-09-04 04:55:00,97994.65
2026-09-04 04:56:00,97994.65
2026-09-04 04:57:00,97994.65
2026-09-04 04:58:00,97994.65
2026-09-04 05:00:00,97994.65
2026-09-04 05:02:00,97994.65
2026-09-04 05:03:00,97994.65
2026-09-04 05:04:00,97994.65
2026-09-04 05:05:00,97994.65
2026-09-04 05:06:00,97994.65
2026-09-04 05:07:00,97994.65
2026-09-04 05:08:00,97994.65
2026-09-04 05:09:00,97994.65
2026-09-04 05:10:00,97994.65
2026-09-04 05:11:00,97994.65
2026-09-04 05:12:00,97994.65
2026-09-04 05:13:00,97994.65
2026-09-04 05:14:00,97994.65
2026-09-04 05:15:00,97994.65
2026-09-04 05:16:00,97994.65
2026-09-04 05:17:00,97994.65
2026-09-04 05:18:00,97994.65
2026-09-04 05:19:00,97994.65
2026-09-04 05:20:00,97994.65
2026-09-04 05:21:00,97994.65
2026-09-04 05:22:00,97994.65
2026-09-04 05:23:00,97994.65
2026-09-04 05:24:00,97994.65
2026-09-04 05:25:00,97994.65
2026-09-04 05:26:00,97994.65
2026-09-04 05:27:00,97994.65
2026-09-04 05:28:00,97994.65
2026-09-04 05:29:00,97994.65
2026-09-04 05:31:00,97994.65
2026-09-04 05:32:00,97994.65
2026-09-04 05:33:00,97994.65
2026-09-04 05:37:00,97994.65
2026-09-04 05:40:00,97994.65
2026-09-04 05:41:00,97994.65
2026-09-04 05:42:00,97994.65
2026-09-04 05:43:00,97994.65
2026-09-04 05:44:00,97994.65
2026-09-04 05:45:00,97994.65
2026-09-04 05:47:00,97994.65
2026-09-04 05:48:00,97994.65
2026-09-04 05:49:00,97994.65
2026-09-04 05:50:00,97994.65
2026-09-04 05:51:00,97994.65
2026-09-04 05:53:00,97994.65
2026-09-04 05:54:00,97994.65
2026-09-04 05:55:00,97994.65
2026-09-04 05:56:00,97994.65
2026-09-04 05:57:00,97994.65
2026-09-04 05:59:00,97994.65
2026-09-04 06:00:00,97994.65
2026-09-04 06:01:00,97994.65
2026-09-04 06:02:00,97994.65
2026-09-04 06:03:00,97994.65
2026-09-04 06:04:00,97994.65
2026-09-04 06:05:00,97994.65
2026-09-04 06:06:00,97994.65
2026-09-04 06:07:00,97994.65
2026-09-04 06:08:00,97994.65
2026-09-04 06:09:00,97994.65
2026-09-04 06:10:00,97994.65
2026-09-04 06:11:00,97994.65
2026-09-04 06:12:00,97994.65
2026-09-04 06:13:00,97994.65
2026-09-04 06:14:00,97994.65
2026-09-04 06:16:00,97994.65
2026-09-04 06:17:00,97994.65
2026-09-04 06:18:00,97994.65
2026-09-04 06:19:00,97994.65
2026-09-04 06:20:00,97994.65
2026-09-04 06:21:00,97994.65
2026-09-04 06:22:00,97994.65
2026-09-04 06:23:00,97994.65
2026-09-04 06:24:00,97994.65
2026-09-04 06:25:00,97994.65
2026-09-04 06:26:00,97955.83
2026-09-04 06:27:00,97953.31
2026-09-04 06:28:00,97990.66
2026-09-04 06:29:00,97986.79
2026-09-04 06:30:00,97970.02
2026-09-04 06:31:00,97980.34
2026-09-04 06:32:00,97988.08
2026-09-04 06:35:00,97958.41
2026-09-04 06:36:00,97968.73
2026-09-04 06:37:00,97976.47
2026-09-04 06:39:00,97989.37
2026-09-04 06:40:00,97973.89
2026-09-04 06:41:00,97976.47
2026-09-04 06:42:00,97979.05
2026-09-04 06:43:00,97991.95
2026-09-04 06:46:00,98030.65
2026-09-04 06:47:00,98039.07
2026-09-04 06:48:00,98019.04
2026-09-04 06:49:00,98004.85
2026-09-04 06:50:00,97989.37
2026-09-04 06:51:00,97986.79
2026-09-04 06:52:00,97974.56
2026-09-04 06:53:00,97974.56
2026-09-04 06:54:00,97974.56
2026-09-04 06:55:00,97974.56
2026-09-04 06:56:00,97974.56
2026-09-04 06:57:00,97974.56
2026-09-04 06:58:00,97974.56
2026-09-04 06:59:00,97974.56
2026-09-04 07:00:00,97974.56
2026-09-04 07:01:00,97974.56
2026-09-04 07:02:00,97974.56
2026-09-04 07:03:00,97974.56
2026-09-04 07:04:00,97974.56
2026-09-04 07:05:00,97974.56
2026-09-04 07:06:00,97974.56
2026-09-04 07:07:00,97974.56
2026-09-04 07:08:00,97974.56
2026-09-04 07:09:00,97974.56
2026-09-04 07:10:00,97974.56
2026-09-04 07:11:00,97974.56
2026-09-04 07:12:00,97974.56
2026-09-04 07:13:00,97974.56
2026-09-04 07:14:00,97974.56
2026-09-04 07:15:00,97974.56
2026-09-04 07:16:00,97974.56
2026-09-04 07:17:00,97974.56
2026-09-04 07:18:00,97974.56
2026-09-04 07:19:00,97974.56
2026-09-04 07:20:00,97974.56
2026-09-04 07:21:00,97974.56
2026-09-04 07:22:00,97974.56
2026-09-04 07:23:00,97974.56
2026-09-04 07:24:00,97974.56
2026-09-04 07:25:00,97974.56
2026-09-04 07:26:00,97974.56
2026-09-04 07:27:00,97974.56
2026-09-04 07:28:00,97974.56
2026-09-04 07:29:00,97974.56
2026-09-04 07:30:00,97974.56
2026-09-04 07:31:00,97974.56
2026-09-04 07:32:00,97974.56
2026-09-04 07:33:00,97974.56
2026-09-04 07:34:00,97974.56
2026-09-04 07:35:00,97974.56
2026-09-04 07:36:00,97974.56
2026-09-04 07:37:00,97974.56
2026-09-04 07:38:00,97974.56
2026-09-04 07:39:00,97974.56
2026-09-04 07:40:00,97974.56
2026-09-04 07:41:00,97974.56
2026-09-04 07:42:00,97974.56
2026-09-04 07:43:00,97974.56
2026-09-04 07:44:00,97974.56
2026-09-04 07:45:00,97974.56
2026-09-04 07:46:00,97974.56
2026-09-04 07:47:00,97974.56
2026-09-04 07:48:00,97974.56
2026-09-04 07:49:00,97974.56
2026-09-04 07:50:00,97974.56
2026-09-04 07:51:00,97974.56
2026-09-04 07:52:00,97974.56
2026-09-04 07:53:00,97974.56
2026-09-04 07:54:00,97974.56
2026-09-04 07:55:00,97974.56
2026-09-04 07:56:00,97974.56
2026-09-04 07:57:00,97958.16
2026-09-04 07:58:00,97952.77
2026-09-04 07:59:00,97951.36
2026-09-04 08:00:00,97923.82
2026-09-04 08:01:00,97923.82
2026-09-04 08:02:00,97923.82
2026-09-04 08:03:00,97923.82
2026-09-04 08:04:00,97923.82
2026-09-04 08:05:00,97923.82
2026-09-04 08:06:00,97923.82
2026-09-04 08:07:00,97923.82
2026-09-04 08:08:00,97923.82
2026-09-04 08:09:00,97923.82
2026-09-04 08:10:00,97923.82
2026-09-04 08:11:00,97923.82
2026-09-04 08:12:00,97923.82
2026-09-04 08:13:00,97923.82
2026-09-04 08:14:00,97923.82
2026-09-04 08:15:00,97923.82
2026-09-04 08:16:00,97923.82
2026-09-04 08:17:00,97923.82
2026-09-04 08:18:00,97923.82
2026-09-04 08:19:00,97923.82
2026-09-04 08:20:00,97923.82
2026-09-04 08:21:00,97923.82
2026-09-04 08:22:00,97923.82
2026-09-04 08:23:00,97923.82
2026-09-04 08:24:00,97923.82
2026-09-04 08:25:00,97923.82
2026-09-04 08:26:00,97923.82
2026-09-04 08:27:00,97923.82
2026-09-04 08:28:00,97923.82
2026-09-04 08:29:00,97923.82
2026-09-04 08:30:00,97923.82
2026-09-04 08:31:00,97923.82
2026-09-04 08:32:00,97923.82
2026-09-04 08:33:00,97923.82
2026-09-04 08:34:00,97923.82
2026-09-04 08:35:00,97923.82
2026-09-04 08:36:00,97923.82
2026-09-04 08:37:00,97923.82
2026-09-04 08:38:00,97923.82
2026-09-04 08:39:00,97923.82
2026-09-04 08:40:00,97923.82
2026-09-04 08:41:00,97923.82
2026-09-04 08:42:00,97923.82
2026-09-04 08:43:00,97923.82
2026-09-04 08:44:00,97923.82
2026-09-04 08:45:00,97923.82
2026-09-04 08:46:00,97923.82
2026-09-04 08:47:00,97923.82
2026-09-04 08:48:00,97923.82
2026-09-04 08:49:00,97923.82
2026-09-04 08:50:00,97923.82
2026-09-04 08:51:00,97923.82
2026-09-04 08:52:00,97923.82
2026-09-04 08:53:00,97923.82
2026-09-04 08:54:00,97923.82
2026-09-04 08:55:00,97923.82
2026-09-04 08:56:00,97923.82
2026-09-04 08:57:00,97923.82
2026-09-04 08:58:00,97923.82
2026-09-04 08:59:00,97923.82
2026-09-04 09:00:00,97923.82
2026-09-04 09:01:00,97923.82
2026-09-04 09:02:00,97923.82
2026-09-04 09:03:00,97923.82
2026-09-04 09:04:00,97923.82
2026-09-04 09:05:00,97923.82
2026-09-04 09:06:00,97923.82
2026-09-04 09:07:00,97923.82
2026-09-04 09:08:00,97923.82
2026-09-04 09:09:00,97923.82
2026-09-04 09:10:00,97923.82
2026-09-04 09:11:00,97923.82
2026-09-04 09:12:00,97923.82
2026-09-04 09:13:00,97923.82
2026-09-04 09:14:00,97923.82
2026-09-04 09:15:00,97923.82
2026-09-04 09:16:00,97923.82
2026-09-04 09:17:00,97923.82
2026-09-04 09:18:00,97923.82
2026-09-04 09:19:00,97923.82
2026-09-04 09:20:00,97923.82
2026-09-04 09:21:00,97923.82
2026-09-04 09:22:00,97923.82
2026-09-04 09:23:00,97923.82
2026-09-04 09:24:00,97923.82
2026-09-04 09:25:00,97923.82
2026-09-04 09:26:00,97923.82
2026-09-04 09:27:00,97923.82
2026-09-04 09:28:00,97923.82
2026-09-04 09:29:00,97923.82
2026-09-04 09:30:00,97923.82
2026-09-04 09:31:00,97923.82
2026-09-04 09:32:00,97952.10
2026-09-04 09:33:00,97931.46
2026-09-04 09:34:00,97993.38
2026-09-04 09:35:00,97993.38
2026-09-04 09:36:00,97936.78
2026-09-04 09:37:00,98001.12
2026-09-04 09:38:00,97992.09
2026-09-04 09:39:00,97978.96
2026-09-04 09:40:00,97946.94
2026-09-04 09:41:00,97930.17
2026-09-04 09:42:00,97930.17
2026-09-04 09:43:00,98017.89
2026-09-04 09:44:00,97939.20
2026-09-04 09:45:00,97834.61
2026-09-04 09:46:00,97834.61
2026-09-04 09:47:00,97834.61
2026-09-04 09:48:00,97834.61
2026-09-04 09:49:00,97834.61
2026-09-04 09:50:00,97834.61
2026-09-04 09:51:00,97834.61
2026-09-04 09:52:00,97834.61
2026-09-04 09:53:00,97834.61
2026-09-04 09:54:00,97847.52
2026-09-04 09:55:00,97897.44
2026-09-04 09:56:00,97908.32
2026-09-04 09:57:00,97932.00
2026-09-04 09:58:00,97937.76
2026-09-04 09:59:00,97940.96
2026-09-04 10:00:00,97919.20
2026-09-04 10:01:00,97844.96
2026-09-04 10:02:00,97875.68
2026-09-04 10:03:00,97893.60
2026-09-04 10:04:00,97876.96
2026-09-04 10:05:00,97859.04
2026-09-04 10:06:00,97895.61
2026-09-04 10:07:00,97823.20
2026-09-04 10:08:00,97830.88
2026-09-04 10:09:00,97805.92
2026-09-04 10:10:00,97765.80
2026-09-04 10:11:00,97765.80
2026-09-04 10:12:00,97765.80
2026-09-04 10:13:00,97765.80
2026-09-04 10:14:00,97765.80
2026-09-04 10:15:00,97765.80
2026-09-04 10:16:00,97765.80
2026-09-04 10:17:00,97765.80
2026-09-04 10:18:00,97765.80
2026-09-04 10:19:00,97765.80
2026-09-04 10:20:00,97765.80
2026-09-04 10:21:00,97765.80
2026-09-04 10:22:00,97765.80
2026-09-04 10:23:00,97765.80
2026-09-04 10:24:00,97765.80
2026-09-04 10:25:00,97765.80
2026-09-04 10:26:00,97765.80
2026-09-04 10:27:00,97765.80
2026-09-04 10:28:00,97765.80
2026-09-04 10:29:00,97765.80
2026-09-04 10:30:00,97765.80
2026-09-04 10:31:00,97765.80
2026-09-04 10:32:00,97765.80
2026-09-04 10:33:00,97765.80
2026-09-04 10:34:00,97765.80
2026-09-04 10:35:00,97765.80
2026-09-04 10:36:00,97765.80
2026-09-04 10:37:00,97765.80
2026-09-04 10:38:00,97765.80
2026-09-04 10:39:00,97765.80
2026-09-04 10:40:00,97765.80
2026-09-04 10:41:00,97765.80
2026-09-04 10:42:00,97765.80
2026-09-04 10:43:00,97765.80
2026-09-04 10:44:00,97765.80
2026-09-04 10:45:00,97765.80
2026-09-04 10:46:00,97765.80
2026-09-04 10:47:00,97765.80
2026-09-04 10:48:00,97765.80
2026-09-04 10:49:00,97765.80
2026-09-04 10:50:00,97765.80
2026-09-04 10:51:00,97765.80
2026-09-04 10:52:00,97765.80
2026-09-04 10:53:00,97765.80
2026-09-04 10:54:00,97765.80
2026-09-04 10:55:00,97765.80
2026-09-04 10:56:00,97765.80
2026-09-04 10:57:00,97765.80
2026-09-04 10:58:00,97765.80
2026-09-04 10:59:00,97765.80
2026-09-04 11:00:00,97765.80
2026-09-04 11:01:00,97765.80
2026-09-04 11:02:00,97765.80
2026-09-04 11:03:00,97765.80
2026-09-04 11:04:00,97765.80
2026-09-04 11:05:00,97765.80
2026-09-04 11:06:00,97765.80
2026-09-04 11:07:00,97765.80
2026-09-04 11:08:00,97765.80
2026-09-04 11:09:00,97765.80
2026-09-04 11:10:00,97765.80
2026-09-04 11:11:00,97765.80
2026-09-04 11:12:00,97765.80
2026-09-04 11:13:00,97765.80
2026-09-04 11:14:00,97765.80
2026-09-04 11:15:00,97765.80
2026-09-04 11:16:00,97765.80
2026-09-04 11:17:00,97765.80
2026-09-04 11:18:00,97765.80
2026-09-04 11:19:00,97765.80
2026-09-04 11:20:00,97765.80
2026-09-04 11:21:00,97765.80
2026-09-04 11:22:00,97765.80
2026-09-04 11:23:00,97765.80
2026-09-04 11:24:00,97765.80
2026-09-04 11:25:00,97765.80
2026-09-04 11:26:00,97765.80
2026-09-04 11:27:00,97765.80
2026-09-04 11:28:00,97765.80
2026-09-04 11:29:00,97765.80
2026-09-04 11:30:00,97765.80
2026-09-04 11:31:00,97765.80
2026-09-04 11:32:00,97765.80
2026-09-04 11:33:00,97765.80
2026-09-04 11:34:00,97765.80
2026-09-04 11:35:00,97765.80
2026-09-04 11:36:00,97765.80
2026-09-04 11:37:00,97765.80
2026-09-04 11:38:00,97765.80
2026-09-04 11:39:00,97765.80
2026-09-04 11:40:00,97765.80
2026-09-04 11:41:00,97765.80
2026-09-04 11:42:00,97765.80
2026-09-04 11:43:00,97765.80
2026-09-04 11:44:00,97765.80
2026-09-04 11:45:00,97765.80
2026-09-04 11:46:00,97765.80
2026-09-04 11:47:00,97765.80
2026-09-04 11:48:00,97765.80
2026-09-04 11:49:00,97765.80
2026-09-04 11:50:00,97765.80
2026-09-04 11:51:00,97765.80
2026-09-04 11:52:00,97765.80
2026-09-04 11:53:00,97765.80
2026-09-04 11:54:00,97765.80
2026-09-04 11:55:00,97765.80
2026-09-04 11:56:00,97765.80
2026-09-04 11:57:00,97765.80
2026-09-04 11:58:00,97765.80
2026-09-04 11:59:00,97765.80
2026-09-04 12:00:00,97765.80
2026-09-04 12:01:00,97765.80
2026-09-04 12:02:00,97765.80
2026-09-04 12:03:00,97765.80
2026-09-04 12:04:00,97765.80
2026-09-04 12:05:00,97765.80
2026-09-04 12:06:00,97765.80
2026-09-04 12:07:00,97765.80
2026-09-04 12:08:00,97765.80
2026-09-04 12:09:00,97765.80
2026-09-04 12:10:00,97765.80
2026-09-04 12:11:00,97765.80
2026-09-04 12:12:00,97759.40
2026-09-04 12:13:00,97756.69
2026-09-04 12:14:00,97771.53
2026-09-04 12:15:00,97755.40
2026-09-04 12:16:00,97746.37
2026-09-04 12:17:00,97751.53
2026-09-04 12:18:00,97757.98
2026-09-04 12:19:00,97759.92
2026-09-04 12:20:00,97792.17
2026-09-04 12:21:00,97800.55
2026-09-04 12:22:00,97783.78
2026-09-04 12:23:00,97785.07
2026-09-04 12:24:00,97792.17
2026-09-04 12:25:00,97785.07
2026-09-04 12:26:00,97772.82
2026-09-04 12:27:00,97807.00
2026-09-04 12:28:00,97804.42
2026-09-04 12:29:00,97791.52
2026-09-04 12:30:00,97798.62
2026-09-04 12:31:00,97818.61
2026-09-04 12:32:00,97830.22
2026-09-04 12:33:00,97825.07
2026-09-04 12:34:00,97841.83
2026-09-04 12:35:00,97843.12
2026-09-04 12:36:00,97819.91
2026-09-04 12:37:00,97819.26
2026-09-04 12:38:00,97810.87
2026-09-04 12:39:00,97816.03
2026-09-04 12:40:00,97825.06
2026-09-04 12:41:00,97820.55
2026-09-04 12:42:00,97813.45
2026-09-04 12:43:00,97816.03
2026-09-04 12:44:00,97833.45
2026-09-04 12:45:00,97831.51
2026-09-04 12:46:00,97837.96
2026-09-04 12:47:00,97870.21
2026-09-04 12:48:00,97869.31
2026-09-04 12:49:00,97898.59
2026-09-04 12:50:00,97919.88
2026-09-04 12:51:00,97906.33
2026-09-04 12:52:00,97905.04
2026-09-04 12:53:00,97890.85
2026-09-04 12:54:00,97888.27
2026-09-04 12:55:00,97891.50
2026-09-04 12:56:00,97870.21
2026-09-04 12:57:00,97881.82
2026-09-04 12:58:00,97890.85
2026-09-04 12:59:00,97847.70
2026-09-04 13:00:00,97847.70
2026-09-04 13:01:00,97847.70
2026-09-04 13:02:00,97847.70
2026-09-04 13:03:00,97847.70
2026-09-04 13:04:00,97847.70
2026-09-04 13:05:00,97847.70
2026-09-04 13:06:00,97847.70
2026-09-04 13:07:00,97847.70
2026-09-04 13:08:00,97847.70
2026-09-04 13:09:00,97847.70
2026-09-04 13:10:00,97847.70
2026-09-04 13:11:00,97847.70
2026-09-04 13:12:00,97847.70
2026-09-04 13:13:00,97847.70
2026-09-04 13:14:00,97847.70
2026-09-04 13:15:00,97847.70
2026-09-04 13:16:00,97847.70
2026-09-04 13:17:00,97847.70
2026-09-04 13:18:00,97847.70
2026-09-04 13:19:00,97847.70
2026-09-04 13:20:00,97847.70
2026-09-04 13:21:00,97847.70
2026-09-04 13:22:00,97847.70
2026-09-04 13:23:00,97847.70
2026-09-04 13:24:00,97847.70
2026-09-04 13:25:00,97847.70
2026-09-04 13:26:00,97847.70
2026-09-04 13:27:00,97847.70
2026-09-04 13:28:00,97847.70
2026-09-04 13:29:00,97847.70
2026-09-04 13:30:00,97847.70
2026-09-04 13:31:00,97847.70
2026-09-04 13:32:00,97847.70
2026-09-04 13:33:00,97847.70
2026-09-04 13:34:00,97847.70
2026-09-04 13:35:00,97847.70
2026-09-04 13:36:00,97847.70
2026-09-04 13:37:00,97847.70
2026-09-04 13:38:00,97847.70
2026-09-04 13:39:00,97847.70
2026-09-04 13:40:00,97847.70
2026-09-04 13:41:00,97847.70
2026-09-04 13:42:00,97847.70
2026-09-04 13:43:00,97847.70
2026-09-04 13:44:00,97847.70
2026-09-04 13:45:00,97847.70
2026-09-04 13:46:00,97847.70
2026-09-04 13:47:00,97847.70
2026-09-04 13:48:00,97847.70
2026-09-04 13:49:00,97847.70
2026-09-04 13:50:00,97847.70
2026-09-04 13:51:00,97847.70
2026-09-04 13:52:00,97847.70
2026-09-04 13:53:00,97847.70
2026-09-04 13:54:00,97847.70
2026-09-04 13:55:00,97847.70
2026-09-04 13:56:00,97847.70
2026-09-04 13:57:00,97847.70
2026-09-04 13:58:00,97847.70
2026-09-04 13:59:00,97847.70
2026-09-04 14:00:00,97847.70
2026-09-04 14:01:00,97847.70
2026-09-04 14:02:00,97847.70
2026-09-04 14:03:00,97847.70
2026-09-04 14:04:00,97847.70
2026-09-04 14:05:00,97847.70
2026-09-04 14:06:00,97847.70
2026-09-04 14:07:00,97847.70
2026-09-04 14:08:00,97847.70
2026-09-04 14:09:00,97847.70
2026-09-04 14:10:00,97847.70
2026-09-04 14:11:00,97847.70
2026-09-04 14:12:00,97847.70
2026-09-04 14:13:00,97847.70
2026-09-04 14:14:00,97847.70
2026-09-04 14:15:00,97847.70
2026-09-04 14:16:00,97847.70
2026-09-04 14:17:00,97847.70
2026-09-04 14:18:00,97847.70
2026-09-04 14:19:00,97847.70
2026-09-04 14:20:00,97847.70
2026-09-04 14:21:00,97847.70
2026-09-04 14:22:00,97847.70
2026-09-04 14:23:00,97847.70
2026-09-04 14:24:00,97847.70
2026-09-04 14:25:00,97847.70
2026-09-04 14:26:00,97847.70
2026-09-04 14:27:00,97847.70
2026-09-04 14:28:00,97847.70
2026-09-04 14:29:00,97847.70
2026-09-04 14:30:00,97847.70
2026-09-04 14:31:00,97847.70
2026-09-04 14:32:00,97847.70
2026-09-04 14:33:00,97847.70
2026-09-04 14:34:00,97847.70
2026-09-04 14:35:00,97847.70
2026-09-04 14:36:00,97847.70
2026-09-04 14:37:00,97847.70
2026-09-04 14:38:00,97847.70
2026-09-04 14:39:00,97847.70
2026-09-04 14:40:00,97847.70
2026-09-04 14:41:00,97847.70
2026-09-04 14:42:00,97847.70
2026-09-04 14:43:00,97847.70
2026-09-04 14:44:00,97847.70
2026-09-04 14:45:00,97837.96
2026-09-04 14:46:00,97839.25
2026-09-04 14:47:00,97848.28
2026-09-04 14:48:00,97845.05
2026-09-04 14:49:00,97854.73
2026-09-04 14:50:00,97848.28
2026-09-04 14:51:00,97841.83
2026-09-04 14:52:00,97858.60
2026-09-04 14:53:00,97852.79
2026-09-04 14:54:00,97858.60
2026-09-04 14:55:00,97865.05
2026-09-04 14:56:00,97884.28
2026-09-04 14:57:00,97893.43
2026-09-04 14:58:00,97883.11
2026-09-04 14:59:00,97886.98
2026-09-04 15:00:00,97885.69
2026-09-04 15:01:00,97886.98
2026-09-04 15:02:00,97854.73
2026-09-04 15:03:00,97829.73
2026-09-04 15:04:00,97829.73
2026-09-04 15:05:00,97829.73
2026-09-04 15:06:00,97829.73
2026-09-04 15:07:00,97829.73
2026-09-04 15:08:00,97829.73
2026-09-04 15:09:00,97829.73
2026-09-04 15:10:00,97829.73
2026-09-04 15:11:00,97829.73
2026-09-04 15:12:00,97829.73
2026-09-04 15:13:00,97829.73
2026-09-04 15:14:00,97829.73
2026-09-04 15:15:00,97829.73
2026-09-04 15:16:00,97829.73
2026-09-04 15:17:00,97829.73
2026-09-04 15:18:00,97829.73
2026-09-04 15:19:00,97829.73
2026-09-04 15:20:00,97829.73
2026-09-04 15:21:00,97829.73
2026-09-04 15:22:00,97829.73
2026-09-04 15:23:00,97829.73
2026-09-04 15:24:00,97829.73
2026-09-04 15:25:00,97829.73
2026-09-04 15:26:00,97829.73
2026-09-04 15:27:00,97829.73
2026-09-04 15:28:00,97829.73
2026-09-04 15:29:00,97829.73
2026-09-04 15:30:00,97829.73
2026-09-04 15:31:00,97829.73
2026-09-04 15:32:00,97829.73
2026-09-04 15:33:00,97829.73
2026-09-04 15:34:00,97829.73
2026-09-04 15:35:00,97829.73
2026-09-04 15:36:00,97829.73
2026-09-04 15:37:00,97829.73
2026-09-04 15:38:00,97829.73
2026-09-04 15:39:00,97829.73
2026-09-04 15:40:00,97829.73
2026-09-04 15:41:00,97829.73
2026-09-04 15:42:00,97829.73
2026-09-04 15:43:00,97829.73
2026-09-04 15:44:00,97829.73
2026-09-04 15:45:00,97829.73
2026-09-04 15:46:00,97829.73
2026-09-04 15:47:00,97829.73
2026-09-04 15:48:00,97807.07
2026-09-04 15:49:00,97819.33
2026-09-04 15:50:00,97861.25
2026-09-04 15:51:00,97886.41
2026-09-04 15:52:00,97891.57
2026-09-04 15:53:00,97868.35
2026-09-04 15:54:00,97898.02
2026-09-04 15:55:00,97902.78
2026-09-04 15:56:00,97905.76
2026-09-04 15:57:00,97914.07
2026-09-04 15:58:00,97880.60
2026-09-04 15:59:00,97883.83
2026-09-04 16:00:00,97845.72
2026-09-04 16:01:00,97818.88
2026-09-04 16:02:00,97818.88
2026-09-04 16:03:00,97818.88
2026-09-04 16:04:00,97818.88
2026-09-04 16:05:00,97818.88
2026-09-04 16:06:00,97818.88
2026-09-04 16:07:00,97818.88
2026-09-04 16:08:00,97818.88
2026-09-04 16:09:00,97818.88
2026-09-04 16:10:00,97818.88
2026-09-04 16:11:00,97818.88
2026-09-04 16:12:00,97818.88
2026-09-04 16:13:00,97818.88
2026-09-04 16:14:00,97818.88
2026-09-04 16:15:00,97818.88
2026-09-04 16:16:00,97818.88
2026-09-04 16:17:00,97818.88
2026-09-04 16:18:00,97818.88
2026-09-04 16:19:00,97818.88
2026-09-04 16:20:00,97818.88
2026-09-04 16:21:00,97818.88
2026-09-04 16:22:00,97818.88
2026-09-04 16:23:00,97818.88
2026-09-04 16:24:00,97818.88
2026-09-04 16:25:00,97818.88
2026-09-04 16:26:00,97818.88
2026-09-04 16:27:00,97818.88
2026-09-04 16:28:00,97818.88
2026-09-04 16:29:00,97818.88
2026-09-04 16:30:00,97818.88
2026-09-04 16:31:00,97818.88
2026-09-04 16:32:00,97818.88
2026-09-04 16:33:00,97818.88
2026-09-04 16:34:00,97818.88
2026-09-04 16:35:00,97818.88
2026-09-04 16:36:00,97818.88
2026-09-04 16:37:00,97818.88
2026-09-04 16:38:00,97818.88
2026-09-04 16:39:00,97818.88
2026-09-04 16:40:00,97818.88
2026-09-04 16:41:00,97818.88
2026-09-04 16:42:00,97818.88
2026-09-04 16:43:00,97818.88
2026-09-04 16:44:00,97818.88
2026-09-04 16:45:00,97818.88
2026-09-04 16:46:00,97818.88
2026-09-04 16:47:00,97818.88
2026-09-04 16:48:00,97818.88
2026-09-04 16:49:00,97818.88
2026-09-04 16:50:00,97818.88
2026-09-04 16:51:00,97818.88
2026-09-04 16:52:00,97818.88
2026-09-04 16:53:00,97818.88
2026-09-04 16:54:00,97818.88
2026-09-04 16:55:00,97818.88
2026-09-04 16:56:00,97818.88
2026-09-04 16:57:00,97818.88
2026-09-04 16:58:00,97818.88
2026-09-04 16:59:00,97818.88
2026-09-04 17:01:00,97818.88
2026-09-04 17:02:00,97818.88
2026-09-04 17:03:00,97818.88
2026-09-04 17:04:00,97818.88
2026-09-04 17:05:00,97818.88
2026-09-04 17:07:00,97818.88
2026-09-04 17:08:00,97818.88
2026-09-04 17:10:00,97818.88
2026-09-04 17:11:00,97818.88
2026-09-04 17:12:00,97818.88
2026-09-04 17:13:00,97818.88
2026-09-04 17:14:00,97818.88
2026-09-04 17:15:00,97818.88
2026-09-04 17:16:00,97818.88
2026-09-04 17:17:00,97818.88
2026-09-04 17:18:00,97818.88
2026-09-04 17:19:00,97818.88
2026-09-04 17:20:00,97818.88
2026-09-04 17:21:00,97818.88
2026-09-04 17:22:00,97818.88
2026-09-04 17:23:00,97818.88
2026-09-04 17:24:00,97818.88
2026-09-04 17:25:00,97818.88
2026-09-04 17:26:00,97818.88
2026-09-04 17:27:00,97818.88
2026-09-04 17:28:00,97818.88
2026-09-04 17:29:00,97818.88
2026-09-04 17:30:00,97818.88
2026-09-04 17:31:00,97818.88
2026-09-04 17:36:00,97818.88
2026-09-04 17:37:00,97818.88
2026-09-04 17:38:00,97818.88
2026-09-04 17:39:00,97818.88
2026-09-04 17:40:00,97818.88
2026-09-04 17:41:00,97818.88
2026-09-04 17:42:00,97818.88
2026-09-04 17:43:00,97818.88
2026-09-04 17:44:00,97818.88
2026-09-04 17:45:00,97818.88
2026-09-04 17:46:00,97818.88
2026-09-04 17:47:00,97818.88
2026-09-04 17:49:00,97818.88
2026-09-04 17:50:00,97818.88
2026-09-04 17:51:00,97818.88
2026-09-04 17:52:00,97818.88
2026-09-04 17:54:00,97818.88
2026-09-04 17:55:00,97818.88
2026-09-04 17:57:00,97818.88
2026-09-04 17:58:00,97818.88
2026-09-04 18:03:00,97818.88
2026-09-04 18:05:00,97818.88
2026-09-04 18:06:00,97818.88
2026-09-04 18:08:00,97818.88
2026-09-04 18:09:00,97818.88
2026-09-04 18:11:00,97818.88
2026-09-04 18:12:00,97818.88
2026-09-04 18:13:00,97818.88
2026-09-04 18:19:00,97818.88
2026-09-04 18:20:00,97818.88
2026-09-04 18:22:00,97818.88
2026-09-04 18:23:00,97818.88
2026-09-04 18:24:00,97818.88
2026-09-04 18:25:00,97818.88
2026-09-04 18:26:00,97818.88
2026-09-04 18:28:00,97818.88
2026-09-04 18:29:00,97818.88
2026-09-04 18:35:00,97818.88
2026-09-04 18:46:00,97818.88
2026-09-04 18:47:00,97818.88
2026-09-04 18:48:00,97818.88
2026-09-04 18:51:00,97818.88
2026-09-04 18:54:00,97818.88
2026-09-04 18:55:00,97818.88
2026-09-04 18:57:00,97818.88
2026-09-04 18:58:00,97818.88
2026-09-04 18:59:00,97818.88
2026-09-04 19:01:00,97818.88
2026-09-04 19:02:00,97818.88
2026-09-04 19:04:00,97818.88
2026-09-04 19:07:00,97818.88
2026-09-04 19:08:00,97818.88
2026-09-04 19:09:00,97818.88
2026-09-04 19:10:00,97818.88
2026-09-04 19:11:00,97818.88
2026-09-04 19:13:00,97818.88
2026-09-04 19:15:00,97818.88
2026-09-04 19:17:00,97818.88
2026-09-04 19:19:00,97818.88
2026-09-04 19:20:00,97818.88
2026-09-04 19:21:00,97818.88
2026-09-04 19:24:00,97818.88
2026-09-04 19:26:00,97818.88
2026-09-04 19:27:00,97818.88
2026-09-04 19:28:00,97818.88
2026-09-04 19:29:00,97818.88
2026-09-04 19:30:00,97818.88
2026-09-04 19:31:00,97818.88
2026-09-04 19:32:00,97818.88
2026-09-04 19:33:00,97818.88
2026-09-04 19:34:00,97818.88
2026-09-04 19:35:00,97818.88
2026-09-04 19:36:00,97818.88
2026-09-04 19:38:00,97818.88
2026-09-04 19:39:00,97818.88
2026-09-04 19:40:00,97818.88
2026-09-04 19:41:00,97818.88
2026-09-04 19:42:00,97818.88
2026-09-04 19:44:00,97818.88
2026-09-04 19:45:00,97818.88
2026-09-04 19:46:00,97818.88
2026-09-04 19:47:00,97818.88
2026-09-04 19:48:00,97818.88
2026-09-04 19:50:00,97818.88
2026-09-04 19:51:00,97818.88
2026-09-04 19:52:00,97818.88
2026-09-04 19:53:00,97818.88
2026-09-04 19:54:00,97818.88
2026-09-04 19:55:00,97818.88
2026-09-04 19:56:00,97818.88
2026-09-04 19:57:00,97818.88
2026-09-04 19:58:00,97818.88
2026-09-04 19:59:00,97818.88
2026-09-08 04:00:00,97818.88
2026-09-08 04:01:00,97661.85
2026-09-08 04:02:00,97661.85
2026-09-08 04:03:00,97661.85
2026-09-08 04:04:00,97661.85
2026-09-08 04:05:00,97661.85
2026-09-08 04:06:00,97661.85
2026-09-08 04:07:00,97661.85
2026-09-08 04:08:00,97661.85
2026-09-08 04:09:00,97661.85
2026-09-08 04:10:00,97661.85
2026-09-08 04:11:00,97661.85
2026-09-08 04:12:00,97661.85
2026-09-08 04:13:00,97661.85
2026-09-08 04:14:00,97661.85
2026-09-08 04:15:00,97661.85
2026-09-08 04:16:00,97661.85
2026-09-08 04:17:00,97661.85
2026-09-08 04:18:00,97661.85
2026-09-08 04:19:00,97661.85
2026-09-08 04:20:00,97661.85
2026-09-08 04:21:00,97661.85
2026-09-08 04:22:00,97661.85
2026-09-08 04:23:00,97661.85
2026-09-08 04:24:00,97661.85
2026-09-08 04:25:00,97661.85
2026-09-08 04:26:00,97661.85
2026-09-08 04:27:00,97661.85
2026-09-08 04:28:00,97661.85
2026-09-08 04:29:00,97661.85
2026-09-08 04:30:00,97661.85
2026-09-08 04:31:00,97661.85
2026-09-08 04:32:00,97661.85
2026-09-08 04:33:00,97661.85
2026-09-08 04:34:00,97661.85
2026-09-08 04:35:00,97661.85
2026-09-08 04:36:00,97661.85
2026-09-08 04:37:00,97661.85
2026-09-08 04:38:00,97661.85
2026-09-08 04:40:00,97661.85
2026-09-08 04:41:00,97661.85
2026-09-08 04:43:00,97661.85
2026-09-08 04:44:00,97661.85
2026-09-08 04:45:00,97661.85
2026-09-08 04:46:00,97661.85
2026-09-08 04:47:00,97661.85
2026-09-08 04:48:00,97661.85
2026-09-08 04:49:00,97661.85
2026-09-08 04:50:00,97661.85
2026-09-08 04:51:00,97661.85
2026-09-08 04:52:00,97661.85
2026-09-08 04:53:00,97661.85
2026-09-08 04:54:00,97661.85
2026-09-08 04:57:00,97661.85
2026-09-08 04:58:00,97661.85
2026-09-08 04:59:00,97661.85
2026-09-08 05:00:00,97661.85
2026-09-08 05:01:00,97661.85
2026-09-08 05:02:00,97661.85
2026-09-08 05:03:00,97661.85
2026-09-08 05:04:00,97661.85
2026-09-08 05:05:00,97661.85
2026-09-08 05:06:00,97661.85
2026-09-08 05:07:00,97661.85
2026-09-08 05:08:00,97661.85
2026-09-08 05:09:00,97661.85
2026-09-08 05:10:00,97661.85
2026-09-08 05:11:00,97661.85
2026-09-08 05:12:00,97645.01
2026-09-08 05:13:00,97657.91
2026-09-08 05:14:00,97668.23
2026-09-08 05:15:00,97672.10
2026-09-08 05:16:00,97664.36
2026-09-08 05:17:00,97638.56
2026-09-08 05:18:00,97641.14
2026-09-08 05:19:00,97643.72
2026-09-08 05:20:00,97626.95
2026-09-08 05:21:00,97642.43
2026-09-08 05:22:00,97628.24
2026-09-08 05:23:00,97634.69
2026-09-08 05:25:00,97659.84
2026-09-08 05:26:00,97646.30
2026-09-08 05:27:00,97647.59
2026-09-08 05:28:00,97647.59
2026-09-08 05:29:00,97681.13
2026-09-08 05:30:00,97699.19
2026-09-08 05:31:00,97703.06
2026-09-08 05:32:00,97726.28
2026-09-08 05:33:00,97722.82
2026-09-08 05:34:00,97726.28
2026-09-08 05:35:00,97723.70
2026-09-08 05:36:00,97722.41
2026-09-08 05:37:00,97726.92
2026-09-08 05:38:00,97744.34
2026-09-08 05:39:00,97761.11
2026-09-08 05:40:00,97772.72
2026-09-08 05:41:00,97756.81
2026-09-08 05:42:00,97756.59
2026-09-08 05:43:00,97732.73
2026-09-08 05:44:00,97735.31
2026-09-08 05:45:00,97744.34
2026-09-08 05:46:00,97774.01
2026-09-08 05:47:00,97771.43
2026-09-08 05:48:00,97774.01
2026-09-08 05:49:00,97788.20
2026-09-08 05:50:00,97798.52
2026-09-08 05:51:00,97795.94
2026-09-08 05:52:00,97785.62
2026-09-08 05:53:00,97792.07
2026-09-08 05:54:00,97788.20
2026-09-08 05:55:00,97804.97
2026-09-08 05:56:00,97811.42
2026-09-08 05:57:00,97816.58
2026-09-08 05:58:00,97820.95
2026-09-08 05:59:00,97825.61
2026-09-08 06:00:00,97826.90
2026-09-08 06:01:00,97832.06
2026-09-08 06:02:00,97814.00
2026-09-08 06:03:00,97816.58
2026-09-08 06:04:00,97804.97
2026-09-08 06:05:00,97780.36
2026-09-08 06:06:00,97780.36
2026-09-08 06:09:00,97780.36
2026-09-08 06:10:00,97780.36
2026-09-08 06:12:00,97780.36
2026-09-08 06:13:00,97780.36
2026-09-08 06:16:00,97780.36
2026-09-08 06:17:00,97780.36
2026-09-08 06:19:00,97780.36
2026-09-08 06:20:00,97842.19
2026-09-08 06:21:00,97815.10
2026-09-08 06:22:00,97806.07
2026-09-08 06:23:00,97803.49
2026-09-08 06:24:00,97780.27
2026-09-08 06:25:00,97785.43
2026-09-08 06:26:00,97776.40
2026-09-08 06:27:00,97759.53
2026-09-08 06:28:00,97759.53
2026-09-08 06:29:00,97759.53
2026-09-08 06:30:00,97759.53
2026-09-08 06:31:00,97759.53
2026-09-08 06:32:00,97759.53
2026-09-08 06:33:00,97759.53
2026-09-08 06:34:00,97759.53
2026-09-08 06:35:00,97759.53
2026-09-08 06:36:00,97759.53
2026-09-08 06:37:00,97759.53
2026-09-08 06:38:00,97759.53
2026-09-08 06:39:00,97759.53
2026-09-08 06:40:00,97759.53
2026-09-08 06:41:00,97759.53
2026-09-08 06:42:00,97759.53
2026-09-08 06:43:00,97759.53
2026-09-08 06:44:00,97759.53
2026-09-08 06:46:00,97759.53
2026-09-08 06:47:00,97759.53
2026-09-08 06:48:00,97759.53
2026-09-08 06:49:00,97759.53
2026-09-08 06:50:00,97759.53
2026-09-08 06:51:00,97759.53
2026-09-08 06:52:00,97759.53
2026-09-08 06:53:00,97759.53
2026-09-08 06:54:00,97759.53
2026-09-08 06:55:00,97759.53
2026-09-08 06:56:00,97759.53
2026-09-08 06:58:00,97759.53
2026-09-08 06:59:00,97759.53
2026-09-08 07:00:00,97759.53
2026-09-08 07:01:00,97759.53
2026-09-08 07:02:00,97759.53
2026-09-08 07:03:00,97759.53
2026-09-08 07:04:00,97759.53
2026-09-08 07:05:00,97759.53
2026-09-08 07:06:00,97759.53
2026-09-08 07:07:00,97759.53
2026-09-08 07:08:00,97759.53
2026-09-08 07:09:00,97759.53
2026-09-08 07:10:00,97759.53
2026-09-08 07:11:00,97759.53
2026-09-08 07:12:00,97759.53
2026-09-08 07:13:00,97759.53
2026-09-08 07:14:00,97759.53
2026-09-08 07:15:00,97759.53
2026-09-08 07:16:00,97759.53
2026-09-08 07:17:00,97759.53
2026-09-08 07:18:00,97759.53
2026-09-08 07:19:00,97759.53
2026-09-08 07:20:00,97759.53
2026-09-08 07:21:00,97759.53
2026-09-08 07:22:00,97759.53
2026-09-08 07:23:00,97759.53
2026-09-08 07:24:00,97759.53
2026-09-08 07:25:00,97759.53
2026-09-08 07:26:00,97759.53
2026-09-08 07:27:00,97759.53
2026-09-08 07:28:00,97759.53
2026-09-08 07:29:00,97759.53
2026-09-08 07:30:00,97759.53
2026-09-08 07:31:00,97759.53
2026-09-08 07:32:00,97759.53
2026-09-08 07:33:00,97759.53
2026-09-08 07:34:00,97759.53
2026-09-08 07:35:00,97759.53
2026-09-08 07:36:00,97759.53
2026-09-08 07:37:00,97759.53
2026-09-08 07:38:00,97759.53
2026-09-08 07:39:00,97759.53
2026-09-08 07:40:00,97759.53
2026-09-08 07:41:00,97759.53
2026-09-08 07:42:00,97759.53
2026-09-08 07:43:00,97759.53
2026-09-08 07:44:00,97759.53
2026-09-08 07:45:00,97759.53
2026-09-08 07:46:00,97759.53
2026-09-08 07:47:00,97759.53
2026-09-08 07:48:00,97759.53
2026-09-08 07:49:00,97759.53
2026-09-08 07:50:00,97759.53
2026-09-08 07:51:00,97759.53
2026-09-08 07:52:00,97759.53
2026-09-08 07:53:00,97759.53
2026-09-08 07:54:00,97759.53
2026-09-08 07:55:00,97759.53
2026-09-08 07:56:00,97776.51
2026-09-08 07:57:00,97755.57
2026-09-08 07:58:00,97781.37
2026-09-08 07:59:00,97796.85
2026-09-08 08:00:00,97738.80
2026-09-08 08:01:00,97705.31
2026-09-08 08:02:00,97705.31
2026-09-08 08:03:00,97705.31
2026-09-08 08:04:00,97705.31
2026-09-08 08:05:00,97705.31
2026-09-08 08:06:00,97705.31
2026-09-08 08:07:00,97705.31
2026-09-08 08:08:00,97705.31
2026-09-08 08:09:00,97705.31
2026-09-08 08:10:00,97705.31
2026-09-08 08:11:00,97705.31
2026-09-08 08:12:00,97705.31
2026-09-08 08:13:00,97705.31
2026-09-08 08:14:00,97705.31
2026-09-08 08:15:00,97705.31
2026-09-08 08:16:00,97705.31
2026-09-08 08:17:00,97705.31
2026-09-08 08:18:00,97705.31
2026-09-08 08:19:00,97705.31
2026-09-08 08:20:00,97705.31
2026-09-08 08:21:00,97705.31
2026-09-08 08:22:00,97705.31
2026-09-08 08:23:00,97705.31
2026-09-08 08:24:00,97705.31
2026-09-08 08:25:00,97705.31
2026-09-08 08:26:00,97705.31
2026-09-08 08:27:00,97705.31
2026-09-08 08:28:00,97705.31
2026-09-08 08:29:00,97705.31
2026-09-08 08:30:00,97705.31
2026-09-08 08:31:00,97705.31
2026-09-08 08:32:00,97739.73
2026-09-08 08:33:00,97742.29
2026-09-08 08:34:00,97730.77
2026-09-08 08:35:00,97716.69
2026-09-08 08:36:00,97739.73
2026-09-08 08:37:00,97723.09
2026-09-08 08:38:00,97701.33
2026-09-08 08:39:00,97714.13
2026-09-08 08:40:00,97693.65
2026-09-08 08:41:00,97702.61
2026-09-08 08:42:00,97703.89
2026-09-08 08:43:00,97703.89
2026-09-08 08:44:00,97706.45
2026-09-08 08:45:00,97710.29
2026-09-08 08:46:00,97712.85
2026-09-08 08:47:00,97707.73
2026-09-08 08:48:00,97729.49
2026-09-08 08:49:00,97739.73
2026-09-08 08:50:00,97752.53
2026-09-08 08:51:00,97742.29
2026-09-08 08:52:00,97767.89
2026-09-08 08:53:00,97760.21
2026-09-08 08:54:00,97778.13
2026-09-08 08:55:00,97774.29
2026-09-08 08:56:00,97780.69
2026-09-08 08:57:00,97789.65
2026-09-08 08:58:00,97787.09
2026-09-08 08:59:00,97828.05
2026-09-08 09:00:00,97825.49
2026-09-08 09:01:00,97837.91
2026-09-08 09:02:00,97778.13
2026-09-08 09:03:00,97797.33
2026-09-08 09:04:00,97811.41
2026-09-08 09:05:00,97825.49
2026-09-08 09:06:00,97835.73
2026-09-08 09:07:00,97815.25
2026-09-08 09:08:00,97824.67
2026-09-08 09:09:00,97802.45
2026-09-08 09:10:00,97819.09
2026-09-08 09:11:00,97847.25
2026-09-08 09:12:00,97847.25
2026-09-08 09:13:00,97839.57
2026-09-08 09:14:00,97849.81
2026-09-08 09:15:00,97838.29
2026-09-08 09:16:00,97834.45
2026-09-08 09:17:00,97837.01
2026-09-08 09:18:00,97856.21
2026-09-08 09:19:00,97870.29
2026-09-08 09:20:00,97869.01
2026-09-08 09:21:00,97860.05
2026-09-08 09:22:00,97861.33
2026-09-08 09:23:00,97856.21
2026-09-08 09:24:00,97842.13
2026-09-08 09:25:00,97848.66
2026-09-08 09:26:00,97840.85
2026-09-08 09:27:00,97800.13
2026-09-08 09:28:00,97800.13
2026-09-08 09:29:00,97800.13
2026-09-08 09:30:00,97800.13
2026-09-08 09:31:00,97800.13
2026-09-08 09:32:00,97800.13
2026-09-08 09:33:00,97800.13
2026-09-08 09:34:00,97800.13
2026-09-08 09:35:00,97800.13
2026-09-08 09:36:00,97800.13
2026-09-08 09:37:00,97800.13
2026-09-08 09:38:00,97800.13
2026-09-08 09:39:00,97800.13
2026-09-08 09:40:00,97800.13
2026-09-08 09:41:00,97800.13
2026-09-08 09:42:00,97800.13
2026-09-08 09:43:00,97800.13
2026-09-08 09:44:00,97800.13
2026-09-08 09:45:00,97800.13
2026-09-08 09:46:00,97800.13
2026-09-08 09:47:00,97800.13
2026-09-08 09:48:00,97800.13
2026-09-08 09:49:00,97800.13
2026-09-08 09:50:00,97800.13
2026-09-08 09:51:00,97800.13
2026-09-08 09:52:00,97800.13
2026-09-08 09:53:00,97800.13
2026-09-08 09:54:00,97800.13
2026-09-08 09:55:00,97800.13
2026-09-08 09:56:00,97800.13
2026-09-08 09:57:00,97800.13
2026-09-08 09:58:00,97800.13
2026-09-08 09:59:00,97800.13
2026-09-08 10:00:00,97800.13
2026-09-08 10:01:00,97800.13
2026-09-08 10:02:00,97800.13
2026-09-08 10:03:00,97800.13
2026-09-08 10:04:00,97800.13
2026-09-08 10:05:00,97800.13
2026-09-08 10:06:00,97800.13
2026-09-08 10:07:00,97800.13
2026-09-08 10:08:00,97800.13
2026-09-08 10:09:00,97800.13
2026-09-08 10:10:00,97800.13
2026-09-08 10:11:00,97800.13
2026-09-08 10:12:00,97800.13
2026-09-08 10:13:00,97800.13
2026-09-08 10:14:00,97800.13
2026-09-08 10:15:00,97800.13
2026-09-08 10:16:00,97800.13
2026-09-08 10:17:00,97800.13
2026-09-08 10:18:00,97800.13
2026-09-08 10:19:00,97800.13
2026-09-08 10:20:00,97800.13
2026-09-08 10:21:00,97800.13
2026-09-08 10:22:00,97800.13
2026-09-08 10:23:00,97800.13
2026-09-08 10:24:00,97800.13
2026-09-08 10:25:00,97800.13
2026-09-08 10:26:00,97800.13
2026-09-08 10:27:00,97800.13
2026-09-08 10:28:00,97800.13
2026-09-08 10:29:00,97800.13
2026-09-08 10:30:00,97800.13
2026-09-08 10:31:00,97800.13
2026-09-08 10:32:00,97800.13
2026-09-08 10:33:00,97800.13
2026-09-08 10:34:00,97800.13
2026-09-08 10:35:00,97800.13
2026-09-08 10:36:00,97800.13
2026-09-08 10:37:00,97800.13
2026-09-08 10:38:00,97800.13
2026-09-08 10:39:00,97800.13
2026-09-08 10:40:00,97800.13
2026-09-08 10:41:00,97800.13
2026-09-08 10:42:00,97800.13
2026-09-08 10:43:00,97800.13
2026-09-08 10:44:00,97800.13
2026-09-08 10:45:00,97800.13
2026-09-08 10:46:00,97800.13
2026-09-08 10:47:00,97800.13
2026-09-08 10:48:00,97800.13
2026-09-08 10:49:00,97800.13
2026-09-08 10:50:00,97800.13
2026-09-08 10:51:00,97772.96
2026-09-08 10:52:00,97792.31
2026-09-08 10:53:00,97811.66
2026-09-08 10:54:00,97808.44
2026-09-08 10:55:00,97842.62
2026-09-08 10:56:00,97829.72
2026-09-08 10:57:00,97792.31
2026-09-08 10:58:00,97807.79
2026-09-08 10:59:00,97849.07
2026-09-08 11:00:00,97854.88
2026-09-08 11:01:00,97847.78
2026-09-08 11:02:00,97810.38
2026-09-08 11:03:00,97823.27
2026-09-08 11:04:00,97832.69
2026-09-08 11:05:00,97852.94
2026-09-08 11:06:00,97827.14
2026-09-08 11:07:00,97834.88
2026-09-08 11:08:00,97824.56
2026-09-08 11:09:00,97823.27
2026-09-08 11:10:00,97893.58
2026-09-08 11:11:00,97903.25
2026-09-08 11:12:00,97932.92
2026-09-08 11:13:00,97980.65
2026-09-08 11:14:00,97974.85
2026-09-08 11:15:00,97984.52
2026-09-08 11:16:00,98001.29
2026-09-08 11:17:00,98013.55
2026-09-08 11:18:00,98034.83
2026-09-08 11:19:00,98027.09
2026-09-08 11:20:00,98002.58
2026-09-08 11:21:00,97931.63
2026-09-08 11:22:00,97915.83
2026-09-08 11:23:00,97915.83
2026-09-08 11:24:00,97915.83
2026-09-08 11:25:00,97915.83
2026-09-08 11:26:00,97915.83
2026-09-08 11:27:00,97915.83
2026-09-08 11:28:00,97915.83
2026-09-08 11:29:00,97915.83
2026-09-08 11:30:00,97915.83
2026-09-08 11:31:00,97915.83
2026-09-08 11:32:00,97915.83
2026-09-08 11:33:00,97915.83
2026-09-08 11:34:00,97915.83
2026-09-08 11:35:00,97915.83
2026-09-08 11:36:00,97915.83
2026-09-08 11:37:00,97915.83
2026-09-08 11:38:00,97915.83
2026-09-08 11:39:00,97915.83
2026-09-08 11:40:00,97915.83
2026-09-08 11:41:00,97915.83
2026-09-08 11:42:00,97906.69
2026-09-08 11:43:00,97915.72
2026-09-08 11:44:00,97913.14
2026-09-08 11:45:00,97897.66
2026-09-08 11:46:00,97875.73
2026-09-08 11:47:00,97833.81
2026-09-08 11:48:00,97802.14
2026-09-08 11:49:00,97802.14
2026-09-08 11:50:00,97802.14
2026-09-08 11:51:00,97802.14
2026-09-08 11:52:00,97802.14
2026-09-08 11:53:00,97802.14
2026-09-08 11:54:00,97802.14
2026-09-08 11:55:00,97802.14
2026-09-08 11:56:00,97802.14
2026-09-08 11:57:00,97802.14
2026-09-08 11:58:00,97802.14
2026-09-08 11:59:00,97802.14
2026-09-08 12:00:00,97802.14
2026-09-08 12:01:00,97802.14
2026-09-08 12:02:00,97802.14
2026-09-08 12:03:00,97802.14
2026-09-08 12:04:00,97802.14
2026-09-08 12:05:00,97802.14
2026-09-08 12:06:00,97802.14
2026-09-08 12:07:00,97802.14
2026-09-08 12:08:00,97802.14
2026-09-08 12:09:00,97802.14
2026-09-08 12:10:00,97802.14
2026-09-08 12:11:00,97802.14
2026-09-08 12:12:00,97802.14
2026-09-08 12:13:00,97802.14
2026-09-08 12:14:00,97802.14
2026-09-08 12:15:00,97802.14
2026-09-08 12:16:00,97802.14
2026-09-08 12:17:00,97802.14
2026-09-08 12:18:00,97802.14
2026-09-08 12:19:00,97802.14
2026-09-08 12:20:00,97802.14
2026-09-08 12:21:00,97802.14
2026-09-08 12:22:00,97802.14
2026-09-08 12:23:00,97802.14
2026-09-08 12:24:00,97802.14
2026-09-08 12:25:00,97802.14
2026-09-08 12:26:00,97802.14
2026-09-08 12:27:00,97802.14
2026-09-08 12:28:00,97802.14
2026-09-08 12:29:00,97802.14
2026-09-08 12:30:00,97802.14
2026-09-08 12:31:00,97802.14
2026-09-08 12:32:00,97802.14
2026-09-08 12:33:00,97802.14
2026-09-08 12:34:00,97802.14
2026-09-08 12:35:00,97802.14
2026-09-08 12:36:00,97802.14
2026-09-08 12:37:00,97802.14
2026-09-08 12:38:00,97802.14
2026-09-08 12:39:00,97802.14
2026-09-08 12:40:00,97802.14
2026-09-08 12:41:00,97802.14
2026-09-08 12:42:00,97802.14
2026-09-08 12:43:00,97802.14
2026-09-08 12:44:00,97802.14
2026-09-08 12:45:00,97802.14
2026-09-08 12:46:00,97802.14
2026-09-08 12:47:00,97802.14
2026-09-08 12:48:00,97802.14
2026-09-08 12:49:00,97802.14
2026-09-08 12:50:00,97802.14
2026-09-08 12:51:00,97802.14
2026-09-08 12:52:00,97802.14
2026-09-08 12:53:00,97802.14
2026-09-08 12:54:00,97802.14
2026-09-08 12:55:00,97802.14
2026-09-08 12:56:00,97802.14
2026-09-08 12:57:00,97802.14
2026-09-08 12:58:00,97802.14
2026-09-08 12:59:00,97802.14
2026-09-08 13:00:00,97802.14
2026-09-08 13:01:00,97802.14
2026-09-08 13:02:00,97794.96
2026-09-08 13:03:00,97796.88
2026-09-08 13:04:00,97818.64
2026-09-08 13:05:00,97819.92
2026-09-08 13:06:00,97853.20
2026-09-08 13:07:00,97814.80
2026-09-08 13:08:00,97798.16
2026-09-08 13:09:00,97794.96
2026-09-08 13:10:00,97802.00
2026-09-08 13:11:00,97802.88
2026-09-08 13:12:00,97802.64
2026-09-08 13:13:00,97826.32
2026-09-08 13:14:00,97816.08
2026-09-08 13:15:00,97813.52
2026-09-08 13:16:00,97814.80
2026-09-08 13:17:00,97816.08
2026-09-08 13:18:00,97809.68
2026-09-08 13:19:00,97810.96
2026-09-08 13:20:00,97790.48
2026-09-08 13:21:00,97786.64
2026-09-08 13:22:00,97764.98
2026-09-08 13:23:00,97764.98
2026-09-08 13:24:00,97764.98
2026-09-08 13:25:00,97764.98
2026-09-08 13:26:00,97764.98
2026-09-08 13:27:00,97764.98
2026-09-08 13:28:00,97764.98
2026-09-08 13:29:00,97764.98
2026-09-08 13:30:00,97764.98
2026-09-08 13:31:00,97764.98
2026-09-08 13:32:00,97764.98
2026-09-08 13:33:00,97764.98
2026-09-08 13:34:00,97764.98
2026-09-08 13:35:00,97764.98
2026-09-08 13:36:00,97764.98
2026-09-08 13:37:00,97764.98
2026-09-08 13:38:00,97764.98
2026-09-08 13:39:00,97764.98
2026-09-08 13:40:00,97764.98
2026-09-08 13:41:00,97764.98
2026-09-08 13:42:00,97764.98
2026-09-08 13:43:00,97764.98
2026-09-08 13:44:00,97764.98
2026-09-08 13:45:00,97764.98
2026-09-08 13:46:00,97764.98
2026-09-08 13:47:00,97764.98
2026-09-08 13:48:00,97764.98
2026-09-08 13:49:00,97764.98
2026-09-08 13:50:00,97764.98
2026-09-08 13:51:00,97764.98
2026-09-08 13:52:00,97764.98
2026-09-08 13:53:00,97764.98
2026-09-08 13:54:00,97764.98
2026-09-08 13:55:00,97764.98
2026-09-08 13:56:00,97764.98
2026-09-08 13:57:00,97764.98
2026-09-08 13:58:00,97764.98
2026-09-08 13:59:00,97764.98
2026-09-08 14:00:00,97764.98
2026-09-08 14:01:00,97764.98
2026-09-08 14:02:00,97764.98
2026-09-08 14:03:00,97764.98
2026-09-08 14:04:00,97764.98
2026-09-08 14:05:00,97764.98
2026-09-08 14:06:00,97764.98
2026-09-08 14:07:00,97764.98
2026-09-08 14:08:00,97764.98
2026-09-08 14:09:00,97764.98
2026-09-08 14:10:00,97764.98
2026-09-08 14:11:00,97764.98
2026-09-08 14:12:00,97764.98
2026-09-08 14:13:00,97764.98
2026-09-08 14:14:00,97764.98
2026-09-08 14:15:00,97764.98
2026-09-08 14:16:00,97764.98
2026-09-08 14:17:00,97764.98
2026-09-08 14:18:00,97764.98
2026-09-08 14:19:00,97764.98
2026-09-08 14:20:00,97764.98
2026-09-08 14:21:00,97764.98
2026-09-08 14:22:00,97764.98
2026-09-08 14:23:00,97764.98
2026-09-08 14:24:00,97764.98
2026-09-08 14:25:00,97764.98
2026-09-08 14:26:00,97764.98
2026-09-08 14:27:00,97764.98
2026-09-08 14:28:00,97764.98
2026-09-08 14:29:00,97764.98
2026-09-08 14:30:00,97764.98
2026-09-08 14:31:00,97764.98
2026-09-08 14:32:00,97764.98
2026-09-08 14:33:00,97764.98
2026-09-08 14:34:00,97764.98
2026-09-08 14:35:00,97764.98
2026-09-08 14:36:00,97764.98
2026-09-08 14:37:00,97764.98
2026-09-08 14:38:00,97764.98
2026-09-08 14:39:00,97764.98
2026-09-08 14:40:00,97764.98
2026-09-08 14:41:00,97764.98
2026-09-08 14:42:00,97764.98
2026-09-08 14:43:00,97764.98
2026-09-08 14:44:00,97764.98
2026-09-08 14:45:00,97764.98
2026-09-08 14:46:00,97764.98
2026-09-08 14:47:00,97764.98
2026-09-08 14:48:00,97764.98
2026-09-08 14:49:00,97764.98
2026-09-08 14:50:00,97764.98
2026-09-08 14:51:00,97764.98
2026-09-08 14:52:00,97764.98
2026-09-08 14:53:00,97764.98
2026-09-08 14:54:00,97764.98
2026-09-08 14:55:00,97764.98
2026-09-08 14:56:00,97764.98
2026-09-08 14:57:00,97764.98
2026-09-08 14:58:00,97764.98
2026-09-08 14:59:00,97764.98
2026-09-08 15:00:00,97764.98
2026-09-08 15:01:00,97764.98
2026-09-08 15:02:00,97764.98
2026-09-08 15:03:00,97764.98
2026-09-08 15:04:00,97764.98
2026-09-08 15:05:00,97764.98
2026-09-08 15:06:00,97764.98
2026-09-08 15:07:00,97764.98
2026-09-08 15:08:00,97764.98
2026-09-08 15:09:00,97764.98
2026-09-08 15:10:00,97764.98
2026-09-08 15:11:00,97764.98
2026-09-08 15:12:00,97764.98
2026-09-08 15:13:00,97764.98
2026-09-08 15:14:00,97764.98
2026-09-08 15:15:00,97764.98
2026-09-08 15:16:00,97764.98
2026-09-08 15:17:00,97764.98
2026-09-08 15:18:00,97764.98
2026-09-08 15:19:00,97764.98
2026-09-08 15:20:00,97764.98
2026-09-08 15:21:00,97764.98
2026-09-08 15:22:00,97764.98
2026-09-08 15:23:00,97764.98
2026-09-08 15:24:00,97764.98
2026-09-08 15:25:00,97764.98
2026-09-08 15:26:00,97764.98
2026-09-08 15:27:00,97764.98
2026-09-08 15:28:00,97764.98
2026-09-08 15:29:00,97764.98
2026-09-08 15:30:00,97764.98
2026-09-08 15:31:00,97764.98
2026-09-08 15:32:00,97764.98
2026-09-08 15:33:00,97764.98
2026-09-08 15:34:00,97764.98
2026-09-08 15:35:00,97764.98
2026-09-08 15:36:00,97764.98
2026-09-08 15:37:00,97764.98
2026-09-08 15:38:00,97764.98
2026-09-08 15:39:00,97764.98
2026-09-08 15:40:00,97764.98
2026-09-08 15:41:00,97764.98
2026-09-08 15:42:00,97764.98
2026-09-08 15:43:00,97764.98
2026-09-08 15:44:00,97764.98
2026-09-08 15:45:00,97764.98
2026-09-08 15:46:00,97764.98
2026-09-08 15:47:00,97764.98
2026-09-08 15:48:00,97764.98
2026-09-08 15:49:00,97764.98
2026-09-08 15:50:00,97764.98
2026-09-08 15:51:00,97764.98
2026-09-08 15:52:00,97764.98
2026-09-08 15:53:00,97764.98
2026-09-08 15:54:00,97764.98
2026-09-08 15:55:00,97764.98
2026-09-08 15:56:00,97764.98
2026-09-08 15:57:00,97764.98
2026-09-08 15:58:00,97764.98
2026-09-08 15:59:00,97764.98
2026-09-08 16:00:00,97764.98
2026-09-08 16:01:00,97764.98
2026-09-08 16:02:00,97764.98
2026-09-08 16:03:00,97764.98
2026-09-08 16:04:00,97764.98
2026-09-08 16:05:00,97764.98
2026-09-08 16:06:00,97764.98
2026-09-08 16:07:00,97764.98
2026-09-08 16:08:00,97764.98
2026-09-08 16:09:00,97764.98
2026-09-08 16:10:00,97764.98
2026-09-08 16:11:00,97764.98
2026-09-08 16:12:00,97764.98
2026-09-08 16:13:00,97764.98
2026-09-08 16:14:00,97764.98
2026-09-08 16:15:00,97764.98
2026-09-08 16:16:00,97764.98
2026-09-08 16:17:00,97764.98
2026-09-08 16:18:00,97764.98
2026-09-08 16:19:00,97764.98
2026-09-08 16:20:00,97764.98
2026-09-08 16:21:00,97764.98
2026-09-08 16:22:00,97764.98
2026-09-08 16:23:00,97764.98
2026-09-08 16:24:00,97764.98
2026-09-08 16:25:00,97764.98
2026-09-08 16:26:00,97764.98
2026-09-08 16:27:00,97764.98
2026-09-08 16:28:00,97764.98
2026-09-08 16:29:00,97764.98
2026-09-08 16:30:00,97764.98
2026-09-08 16:31:00,97764.98
2026-09-08 16:32:00,97764.98
2026-09-08 16:33:00,97764.98
2026-09-08 16:34:00,97764.98
2026-09-08 16:35:00,97764.98
2026-09-08 16:36:00,97764.98
2026-09-08 16:37:00,97764.98
2026-09-08 16:38:00,97764.98
2026-09-08 16:39:00,97764.98
2026-09-08 16:40:00,97764.98
2026-09-08 16:41:00,97764.98
2026-09-08 16:42:00,97764.98
2026-09-08 16:43:00,97764.98
2026-09-08 16:44:00,97764.98
2026-09-08 16:45:00,97764.98
2026-09-08 16:46:00,97764.98
2026-09-08 16:47:00,97764.98
2026-09-08 16:48:00,97764.98
2026-09-08 16:49:00,97764.98
2026-09-08 16:50:00,97764.98
2026-09-08 16:51:00,97764.98
2026-09-08 16:52:00,97764.98
2026-09-08 16:53:00,97764.98
2026-09-08 16:54:00,97764.98
2026-09-08 16:55:00,97764.98
2026-09-08 16:56:00,97764.98
2026-09-08 16:57:00,97764.98
2026-09-08 16:58:00,97764.98
2026-09-08 16:59:00,97764.98
2026-09-08 17:00:00,97764.98
2026-09-08 17:01:00,97764.98
2026-09-08 17:02:00,97764.98
2026-09-08 17:03:00,97764.98
2026-09-08 17:04:00,97764.98
2026-09-08 17:05:00,97764.98
2026-09-08 17:06:00,97764.98
2026-09-08 17:07:00,97764.98
2026-09-08 17:08:00,97764.98
2026-09-08 17:09:00,97764.98
2026-09-08 17:10:00,97764.98
2026-09-08 17:11:00,97764.98
2026-09-08 17:12:00,97764.98
2026-09-08 17:13:00,97764.98
2026-09-08 17:14:00,97764.98
2026-09-08 17:15:00,97764.98
2026-09-08 17:16:00,97764.98
2026-09-08 17:19:00,97764.98
2026-09-08 17:20:00,97764.98
2026-09-08 17:21:00,97764.98
2026-09-08 17:23:00,97764.98
2026-09-08 17:24:00,97764.98
2026-09-08 17:25:00,97764.98
2026-09-08 17:27:00,97764.98
2026-09-08 17:30:00,97764.98
2026-09-08 17:31:00,97764.98
2026-09-08 17:32:00,97764.98
2026-09-08 17:35:00,97764.98
2026-09-08 17:36:00,97764.98
2026-09-08 17:37:00,97764.98
2026-09-08 17:38:00,97764.98
2026-09-08 17:42:00,97764.98
2026-09-08 17:43:00,97764.98
2026-09-08 17:44:00,97764.98
2026-09-08 17:45:00,97764.98
2026-09-08 17:47:00,97764.98
2026-09-08 17:48:00,97764.98
2026-09-08 17:51:00,97764.98
2026-09-08 17:52:00,97764.98
2026-09-08 17:54:00,97764.98
2026-09-08 17:56:00,97764.98
2026-09-08 17:59:00,97764.98
2026-09-08 18:00:00,97764.98
2026-09-08 18:01:00,97764.98
2026-09-08 18:02:00,97764.98
2026-09-08 18:03:00,97764.98
2026-09-08 18:04:00,97748.27
2026-09-08 18:05:00,97753.30
2026-09-08 18:06:00,97755.88
2026-09-08 18:07:00,97757.32
2026-09-08 18:08:00,97749.43
2026-09-08 18:10:00,97727.50
2026-09-08 18:11:00,97736.53
2026-09-08 18:12:00,97723.63
2026-09-08 18:13:00,97731.37
2026-09-08 18:14:00,97727.50
2026-09-08 18:15:00,97726.21
2026-09-08 18:16:00,97736.53
2026-09-08 18:17:00,97734.25
2026-09-08 18:19:00,97727.50
2026-09-08 18:20:00,97727.50
2026-09-08 18:21:00,97732.66
2026-09-08 18:22:00,97700.27
2026-09-08 18:23:00,97700.27
2026-09-08 18:25:00,97700.27
2026-09-08 18:26:00,97700.27
2026-09-08 18:27:00,97700.27
2026-09-08 18:28:00,97700.27
2026-09-08 18:29:00,97700.27
2026-09-08 18:30:00,97700.27
2026-09-08 18:31:00,97700.27
2026-09-08 18:32:00,97700.27
2026-09-08 18:34:00,97700.27
2026-09-08 18:35:00,97700.27
2026-09-08 18:36:00,97700.27
2026-09-08 18:37:00,97700.27
2026-09-08 18:38:00,97700.27
2026-09-08 18:40:00,97700.27
2026-09-08 18:41:00,97700.27
2026-09-08 18:42:00,97700.27
2026-09-08 18:43:00,97700.27
2026-09-08 18:46:00,97700.27
2026-09-08 18:47:00,97700.27
2026-09-08 18:48:00,97700.27
2026-09-08 18:49:00,97700.27
2026-09-08 18:50:00,97700.27
2026-09-08 18:51:00,97700.27
2026-09-08 18:54:00,97700.27
2026-09-08 18:55:00,97700.27
2026-09-08 18:56:00,97700.27
2026-09-08 18:57:00,97695.03
2026-09-08 18:58:00,97701.47
2026-09-08 18:59:00,97697.61
2026-09-08 19:00:00,97698.90
2026-09-08 19:01:00,97696.32
2026-09-08 19:03:00,97682.13
2026-09-08 19:04:00,97666.45
2026-09-08 19:05:00,97666.45
2026-09-08 19:07:00,97666.45
2026-09-08 19:08:00,97666.45
2026-09-08 19:09:00,97666.45
2026-09-08 19:10:00,97666.45
2026-09-08 19:11:00,97666.45
2026-09-08 19:12:00,97666.45
2026-09-08 19:13:00,97666.45
2026-09-08 19:14:00,97666.45
2026-09-08 19:15:00,97666.45
2026-09-08 19:16:00,97666.45
2026-09-08 19:17:00,97666.45
2026-09-08 19:18:00,97666.45
2026-09-08 19:19:00,97666.45
2026-09-08 19:20:00,97666.45
2026-09-08 19:21:00,97666.45
2026-09-08 19:22:00,97666.45
2026-09-08 19:23:00,97666.45
2026-09-08 19:24:00,97666.45
2026-09-08 19:25:00,97666.45
2026-09-08 19:26:00,97666.45
2026-09-08 19:27:00,97666.45
2026-09-08 19:29:00,97666.45
2026-09-08 19:30:00,97666.45
2026-09-08 19:31:00,97666.45
2026-09-08 19:32:00,97666.45
2026-09-08 19:33:00,97666.45
2026-09-08 19:34:00,97666.45
2026-09-08 19:35:00,97666.45
2026-09-08 19:36:00,97666.45
2026-09-08 19:37:00,97666.45
2026-09-08 19:38:00,97666.45
2026-09-08 19:39:00,97666.45
2026-09-08 19:40:00,97666.45
2026-09-08 19:41:00,97666.45
2026-09-08 19:42:00,97666.45
2026-09-08 19:43:00,97666.45
2026-09-08 19:44:00,97666.45
2026-09-08 19:45:00,97666.45
2026-09-08 19:46:00,97666.45
2026-09-08 19:47:00,97666.45
2026-09-08 19:48:00,97666.45
2026-09-08 19:49:00,97666.45
2026-09-08 19:50:00,97666.45
2026-09-08 19:51:00,97666.45
2026-09-08 19:52:00,97666.45
2026-09-08 19:53:00,97666.45
2026-09-08 19:54:00,97666.45
2026-09-08 19:55:00,97666.45
2026-09-08 19:56:00,97666.45
2026-09-08 19:57:00,97666.45
2026-09-08 19:59:00,97666.45
2026-09-09 04:00:00,97666.45
2026-09-09 04:01:00,97702.16
2026-09-09 04:02:00,97718.80
2026-09-09 04:03:00,97662.48
2026-09-09 04:04:00,97712.40
2026-09-09 04:05:00,97739.28
2026-09-09 04:06:00,97687.39
2026-09-09 04:07:00,97689.36
2026-09-09 04:08:00,97702.16
2026-09-09 04:10:00,97682.96
2026-09-09 04:11:00,97704.72
2026-09-09 04:13:00,97712.40
2026-09-09 04:14:00,97663.76
2026-09-09 04:15:00,97677.84
2026-09-09 04:16:00,97675.28
2026-09-09 04:18:00,97677.84
2026-09-09 04:19:00,97684.24
2026-09-09 04:20:00,97677.84
2026-09-09 04:21:00,97686.80
2026-09-09 04:23:00,97659.92
2026-09-09 04:24:00,97630.48
2026-09-09 04:25:00,97613.72
2026-09-09 04:26:00,97613.72
2026-09-09 04:27:00,97613.72
2026-09-09 04:28:00,97613.72
2026-09-09 04:29:00,97613.72
2026-09-09 04:30:00,97613.72
2026-09-09 04:32:00,97613.72
2026-09-09 04:36:00,97613.72
2026-09-09 04:37:00,97613.72
2026-09-09 04:38:00,97613.72
2026-09-09 04:39:00,97613.72
2026-09-09 04:40:00,97613.72
2026-09-09 04:41:00,97613.72
2026-09-09 04:42:00,97613.72
2026-09-09 04:43:00,97613.72
2026-09-09 04:44:00,97613.72
2026-09-09 04:45:00,97613.72
2026-09-09 04:46:00,97613.72
2026-09-09 04:48:00,97613.72
2026-09-09 04:49:00,97613.72
2026-09-09 04:50:00,97613.72
2026-09-09 04:51:00,97613.72
2026-09-09 04:52:00,97613.72
2026-09-09 04:53:00,97613.72
2026-09-09 04:54:00,97613.72
2026-09-09 04:56:00,97613.72
2026-09-09 04:57:00,97613.72
2026-09-09 04:58:00,97613.72
2026-09-09 04:59:00,97613.72
2026-09-09 05:00:00,97613.72
2026-09-09 05:01:00,97613.72
2026-09-09 05:02:00,97613.72
2026-09-09 05:03:00,97613.72
2026-09-09 05:04:00,97613.72
2026-09-09 05:05:00,97613.72
2026-09-09 05:06:00,97613.72
2026-09-09 05:07:00,97613.72
2026-09-09 05:08:00,97613.72
2026-09-09 05:09:00,97613.72
2026-09-09 05:10:00,97613.72
2026-09-09 05:11:00,97613.72
2026-09-09 05:12:00,97613.72
2026-09-09 05:14:00,97613.72
2026-09-09 05:15:00,97613.72
2026-09-09 05:17:00,97613.72
2026-09-09 05:20:00,97613.72
2026-09-09 05:21:00,97613.72
2026-09-09 05:22:00,97613.72
2026-09-09 05:23:00,97613.72
2026-09-09 05:24:00,97613.72
2026-09-09 05:25:00,97613.72
2026-09-09 05:26:00,97613.72
2026-09-09 05:28:00,97613.72
2026-09-09 05:29:00,97613.72
2026-09-09 05:30:00,97613.72
2026-09-09 05:31:00,97613.72
2026-09-09 05:32:00,97613.72
2026-09-09 05:33:00,97613.72
2026-09-09 05:34:00,97613.72
2026-09-09 05:35:00,97613.72
2026-09-09 05:36:00,97613.72
2026-09-09 05:37:00,97613.72
2026-09-09 05:38:00,97613.72
2026-09-09 05:39:00,97613.72
2026-09-09 05:40:00,97613.72
2026-09-09 05:41:00,97613.72
2026-09-09 05:42:00,97613.72
2026-09-09 05:43:00,97613.72
2026-09-09 05:44:00,97613.72
2026-09-09 05:45:00,97613.72
2026-09-09 05:46:00,97613.72
2026-09-09 05:47:00,97613.72
2026-09-09 05:48:00,97613.72
2026-09-09 05:49:00,97613.72
2026-09-09 05:50:00,97613.72
2026-09-09 05:51:00,97613.72
2026-09-09 05:52:00,97613.72
2026-09-09 05:53:00,97613.72
2026-09-09 05:54:00,97613.72
2026-09-09 05:55:00,97613.72
2026-09-09 05:56:00,97613.72
2026-09-09 05:57:00,97613.72
2026-09-09 05:58:00,97613.72
2026-09-09 05:59:00,97613.72
2026-09-09 06:00:00,97613.72
2026-09-09 06:01:00,97613.72
2026-09-09 06:02:00,97613.72
2026-09-09 06:03:00,97613.72
2026-09-09 06:04:00,97613.72
2026-09-09 06:05:00,97613.72
2026-09-09 06:06:00,97613.72
2026-09-09 06:07:00,97613.72
2026-09-09 06:08:00,97613.72
2026-09-09 06:09:00,97613.72
2026-09-09 06:10:00,97613.72
2026-09-09 06:11:00,97613.72
2026-09-09 06:12:00,97613.72
2026-09-09 06:13:00,97613.72
2026-09-09 06:14:00,97613.72
2026-09-09 06:15:00,97613.72
2026-09-09 06:16:00,97613.72
2026-09-09 06:17:00,97613.72
2026-09-09 06:18:00,97613.72
2026-09-09 06:19:00,97613.72
2026-09-09 06:20:00,97613.72
2026-09-09 06:21:00,97613.72
2026-09-09 06:22:00,97613.72
2026-09-09 06:23:00,97613.72
2026-09-09 06:25:00,97613.72
2026-09-09 06:26:00,97613.72
2026-09-09 06:27:00,97613.72
2026-09-09 06:28:00,97613.72
2026-09-09 06:29:00,97613.72
2026-09-09 06:30:00,97613.72
2026-09-09 06:31:00,97613.72
2026-09-09 06:32:00,97613.72
2026-09-09 06:33:00,97613.72
2026-09-09 06:34:00,97613.72
2026-09-09 06:35:00,97613.72
2026-09-09 06:36:00,97613.72
2026-09-09 06:37:00,97613.72
2026-09-09 06:38:00,97613.72
2026-09-09 06:39:00,97613.72
2026-09-09 06:40:00,97613.72
2026-09-09 06:41:00,97613.72
2026-09-09 06:42:00,97613.72
2026-09-09 06:43:00,97613.72
2026-09-09 06:44:00,97613.72
2026-09-09 06:45:00,97613.72
2026-09-09 06:46:00,97613.72
2026-09-09 06:47:00,97613.72
2026-09-09 06:48:00,97613.72
2026-09-09 06:49:00,97613.72
2026-09-09 06:50:00,97613.72
2026-09-09 06:51:00,97613.72
2026-09-09 06:52:00,97613.72
2026-09-09 06:53:00,97613.72
2026-09-09 06:54:00,97613.72
2026-09-09 06:55:00,97613.72
2026-09-09 06:56:00,97613.72
2026-09-09 06:57:00,97613.72
2026-09-09 06:58:00,97613.72
2026-09-09 06:59:00,97613.72
2026-09-09 07:00:00,97613.72
2026-09-09 07:01:00,97613.72
2026-09-09 07:02:00,97613.72
2026-09-09 07:03:00,97613.72
2026-09-09 07:04:00,97613.72
2026-09-09 07:05:00,97613.72
2026-09-09 07:06:00,97613.72
2026-09-09 07:07:00,97613.72
2026-09-09 07:08:00,97613.72
2026-09-09 07:09:00,97613.72
2026-09-09 07:10:00,97613.72
2026-09-09 07:11:00,97613.72
2026-09-09 07:12:00,97613.72
2026-09-09 07:13:00,97613.72
2026-09-09 07:14:00,97613.72
2026-09-09 07:15:00,97613.72
2026-09-09 07:16:00,97613.72
2026-09-09 07:17:00,97613.72
2026-09-09 07:18:00,97613.72
2026-09-09 07:19:00,97613.72
2026-09-09 07:20:00,97613.72
2026-09-09 07:21:00,97613.72
2026-09-09 07:22:00,97613.72
2026-09-09 07:23:00,97613.72
2026-09-09 07:24:00,97613.72
2026-09-09 07:25:00,97613.72
2026-09-09 07:26:00,97613.72
2026-09-09 07:27:00,97613.72
2026-09-09 07:28:00,97613.72
2026-09-09 07:29:00,97613.72
2026-09-09 07:30:00,97613.72
2026-09-09 07:31:00,97613.72
2026-09-09 07:32:00,97613.72
2026-09-09 07:33:00,97613.72
2026-09-09 07:34:00,97613.72
2026-09-09 07:35:00,97613.72
2026-09-09 07:36:00,97613.72
2026-09-09 07:37:00,97613.72
2026-09-09 07:38:00,97613.72
2026-09-09 07:39:00,97613.72
2026-09-09 07:40:00,97613.72
2026-09-09 07:41:00,97613.72
2026-09-09 07:42:00,97613.72
2026-09-09 07:43:00,97613.72
2026-09-09 07:44:00,97613.72
2026-09-09 07:45:00,97613.72
2026-09-09 07:46:00,97613.72
2026-09-09 07:47:00,97613.72
2026-09-09 07:48:00,97613.72
2026-09-09 07:49:00,97613.72
2026-09-09 07:50:00,97596.90
2026-09-09 07:51:00,97604.64
2026-09-09 07:52:00,97558.20
2026-09-09 07:53:00,97560.78
2026-09-09 07:54:00,97567.23
2026-09-09 07:55:00,97505.74
2026-09-09 07:56:00,97505.74
2026-09-09 07:57:00,97505.74
2026-09-09 07:58:00,97505.74
2026-09-09 07:59:00,97505.74
2026-09-09 08:00:00,97505.74
2026-09-09 08:01:00,97505.74
2026-09-09 08:02:00,97505.74
2026-09-09 08:03:00,97505.74
2026-09-09 08:04:00,97505.74
2026-09-09 08:05:00,97505.74
2026-09-09 08:06:00,97505.74
2026-09-09 08:07:00,97505.74
2026-09-09 08:08:00,97505.74
2026-09-09 08:09:00,97505.74
2026-09-09 08:10:00,97505.74
2026-09-09 08:11:00,97505.74
2026-09-09 08:12:00,97505.74
2026-09-09 08:13:00,97505.74
2026-09-09 08:14:00,97505.74
2026-09-09 08:15:00,97505.74
2026-09-09 08:16:00,97505.74
2026-09-09 08:17:00,97505.74
2026-09-09 08:18:00,97505.74
2026-09-09 08:19:00,97505.74
2026-09-09 08:20:00,97505.74
2026-09-09 08:21:00,97505.74
2026-09-09 08:22:00,97505.74
2026-09-09 08:23:00,97505.74
2026-09-09 08:24:00,97505.74
2026-09-09 08:25:00,97505.74
2026-09-09 08:26:00,97505.74
2026-09-09 08:27:00,97505.74
2026-09-09 08:28:00,97505.74
2026-09-09 08:29:00,97505.74
2026-09-09 08:30:00,97505.74
2026-09-09 08:31:00,97505.74
2026-09-09 08:32:00,97505.74
2026-09-09 08:33:00,97505.74
2026-09-09 08:34:00,97505.74
2026-09-09 08:35:00,97505.74
2026-09-09 08:36:00,97505.74
2026-09-09 08:37:00,97505.74
2026-09-09 08:38:00,97505.74
2026-09-09 08:39:00,97505.74
2026-09-09 08:40:00,97505.74
2026-09-09 08:41:00,97505.74
2026-09-09 08:42:00,97505.74
2026-09-09 08:43:00,97505.74
2026-09-09 08:45:00,97505.74
2026-09-09 08:46:00,97505.74
2026-09-09 08:47:00,97505.74
2026-09-09 08:48:00,97505.74
2026-09-09 08:49:00,97505.74
2026-09-09 08:50:00,97505.74
2026-09-09 08:51:00,97505.74
2026-09-09 08:52:00,97505.74
2026-09-09 08:53:00,97505.74
2026-09-09 08:54:00,97505.74
2026-09-09 08:55:00,97505.74
2026-09-09 08:56:00,97505.74
2026-09-09 08:57:00,97505.74
2026-09-09 08:58:00,97505.74
2026-09-09 08:59:00,97505.74
2026-09-09 09:00:00,97505.74
2026-09-09 09:01:00,97505.74
2026-09-09 09:02:00,97491.52
2026-09-09 09:03:00,97477.15
2026-09-09 09:04:00,97470.35
2026-09-09 09:05:00,97472.17
2026-09-09 09:06:00,97479.91
2026-09-09 09:07:00,97459.27
2026-09-09 09:08:00,97474.75
2026-09-09 09:09:00,97469.59
2026-09-09 09:10:00,97457.98
2026-09-09 09:11:00,97471.17
2026-09-09 09:12:00,97488.94
2026-09-09 09:13:00,97492.81
2026-09-09 09:14:00,97481.20
2026-09-09 09:15:00,97478.51
2026-09-09 09:16:00,97476.04
2026-09-09 09:17:00,97478.62
2026-09-09 09:18:00,97512.16
2026-09-09 09:19:00,97519.90
2026-09-09 09:20:00,97526.35
2026-09-09 09:21:00,97522.55
2026-09-09 09:22:00,97525.06
2026-09-09 09:23:00,97509.28
2026-09-09 09:24:00,97513.45
2026-09-09 09:25:00,97586.98
2026-09-09 09:26:00,97581.82
2026-09-09 09:27:00,97607.62
2026-09-09 09:28:00,97607.62
2026-09-09 09:29:00,97642.45
2026-09-09 09:30:00,97560.06
2026-09-09 09:31:00,97451.00
2026-09-09 09:32:00,97451.00
2026-09-09 09:33:00,97451.00
2026-09-09 09:34:00,97451.00
2026-09-09 09:35:00,97465.13
2026-09-09 09:36:00,97448.36
2026-09-09 09:37:00,97460.62
2026-09-09 09:38:00,97463.84
2026-09-09 09:39:00,97458.68
2026-09-09 09:40:00,97441.27
2026-09-09 09:41:00,97492.22
2026-09-09 09:42:00,97471.58
2026-09-09 09:43:00,97417.27
2026-09-09 09:44:00,97443.20
2026-09-09 09:45:00,97385.15
2026-09-09 09:46:00,97466.42
2026-09-09 09:47:00,97422.56
2026-09-09 09:48:00,97455.46
2026-09-09 09:49:00,97506.41
2026-09-09 09:50:00,97496.09
2026-09-09 09:51:00,97487.06
2026-09-09 09:52:00,97526.41
2026-09-09 09:53:00,97554.14
2026-09-09 09:54:00,97564.46
2026-09-09 09:55:00,97622.51
2026-09-09 09:56:00,97618.64
2026-09-09 09:57:00,97627.67
2026-09-09 09:58:00,97675.40
2026-09-09 09:59:00,97688.30
2026-09-09 10:00:00,97680.56
2026-09-09 10:01:00,97618.64
2026-09-09 10:02:00,97641.86
2026-09-09 10:03:00,97720.55
2026-09-09 10:04:00,97749.58
2026-09-09 10:05:00,97779.45
2026-09-09 10:06:00,97759.25
2026-09-09 10:07:00,97747.64
2026-09-09 10:08:00,97725.71
2026-09-09 10:09:00,97730.87
2026-09-09 10:10:00,97728.29
2026-09-09 10:11:00,97653.47
2026-09-09 10:12:00,97672.82
2026-09-09 10:13:00,97697.33
2026-09-09 10:14:00,97698.62
2026-09-09 10:15:00,97603.74
2026-09-09 10:16:00,97603.74
2026-09-09 10:17:00,97603.74
2026-09-09 10:18:00,97603.74
2026-09-09 10:19:00,97603.74
2026-09-09 10:20:00,97603.74
2026-09-09 10:21:00,97603.74
2026-09-09 10:22:00,97603.74
2026-09-09 10:23:00,97603.74
2026-09-09 10:24:00,97603.74
2026-09-09 10:25:00,97603.74
2026-09-09 10:26:00,97603.74
2026-09-09 10:27:00,97603.74
2026-09-09 10:28:00,97603.74
2026-09-09 10:29:00,97603.74
2026-09-09 10:30:00,97603.74
2026-09-09 10:31:00,97603.74
2026-09-09 10:32:00,97603.74
2026-09-09 10:33:00,97603.74
2026-09-09 10:34:00,97603.74
2026-09-09 10:35:00,97603.74
2026-09-09 10:36:00,97603.74
2026-09-09 10:37:00,97603.74
2026-09-09 10:38:00,97603.74
2026-09-09 10:39:00,97603.74
2026-09-09 10:40:00,97603.74
2026-09-09 10:41:00,97603.74
2026-09-09 10:42:00,97603.74
2026-09-09 10:43:00,97603.74
2026-09-09 10:44:00,97603.74
2026-09-09 10:45:00,97603.74
2026-09-09 10:46:00,97603.74
2026-09-09 10:47:00,97603.74
2026-09-09 10:48:00,97603.74
2026-09-09 10:49:00,97603.74
2026-09-09 10:50:00,97603.74
2026-09-09 10:51:00,97603.74
2026-09-09 10:52:00,97603.74
2026-09-09 10:53:00,97603.74
2026-09-09 10:54:00,97603.74
2026-09-09 10:55:00,97603.74
2026-09-09 10:56:00,97603.74
2026-09-09 10:57:00,97603.74
2026-09-09 10:58:00,97603.74
2026-09-09 10:59:00,97603.74
2026-09-09 11:00:00,97603.74
2026-09-09 11:01:00,97603.74
2026-09-09 11:02:00,97603.74
2026-09-09 11:03:00,97603.74
2026-09-09 11:04:00,97603.74
2026-09-09 11:05:00,97603.74
2026-09-09 11:06:00,97603.74
2026-09-09 11:07:00,97603.74
2026-09-09 11:08:00,97603.74
2026-09-09 11:09:00,97603.74
2026-09-09 11:10:00,97603.74
2026-09-09 11:11:00,97603.74
2026-09-09 11:12:00,97603.74
2026-09-09 11:13:00,97603.74
2026-09-09 11:14:00,97603.74
2026-09-09 11:15:00,97603.74
2026-09-09 11:16:00,97603.74
2026-09-09 11:17:00,97603.74
2026-09-09 11:18:00,97603.74
2026-09-09 11:19:00,97603.74
2026-09-09 11:20:00,97603.74
2026-09-09 11:21:00,97603.74
2026-09-09 11:22:00,97603.74
2026-09-09 11:23:00,97603.74
2026-09-09 11:24:00,97603.74
2026-09-09 11:25:00,97603.74
2026-09-09 11:26:00,97603.74
2026-09-09 11:27:00,97603.74
2026-09-09 11:28:00,97603.74
2026-09-09 11:29:00,97603.74
2026-09-09 11:30:00,97603.74
2026-09-09 11:31:00,97603.74
2026-09-09 11:32:00,97603.74
2026-09-09 11:33:00,97603.74
2026-09-09 11:34:00,97603.74
2026-09-09 11:35:00,97603.74
2026-09-09 11:36:00,97603.74
2026-09-09 11:37:00,97603.74
2026-09-09 11:38:00,97603.74
2026-09-09 11:39:00,97603.74
2026-09-09 11:40:00,97603.74
2026-09-09 11:41:00,97603.74
2026-09-09 11:42:00,97603.74
2026-09-09 11:43:00,97603.74
2026-09-09 11:44:00,97603.74
2026-09-09 11:45:00,97603.74
2026-09-09 11:46:00,97603.74
2026-09-09 11:47:00,97603.74
2026-09-09 11:48:00,97603.74
2026-09-09 11:49:00,97603.74
2026-09-09 11:50:00,97603.74
2026-09-09 11:51:00,97603.74
2026-09-09 11:52:00,97603.74
2026-09-09 11:53:00,97603.74
2026-09-09 11:54:00,97603.74
2026-09-09 11:55:00,97603.74
2026-09-09 11:56:00,97603.74
2026-09-09 11:57:00,97603.74
2026-09-09 11:58:00,97603.74
2026-09-09 11:59:00,97603.74
2026-09-09 12:00:00,97603.74
2026-09-09 12:01:00,97603.74
2026-09-09 12:02:00,97603.74
2026-09-09 12:03:00,97603.74
2026-09-09 12:04:00,97603.74
2026-09-09 12:05:00,97603.74
2026-09-09 12:06:00,97603.74
2026-09-09 12:07:00,97603.74
2026-09-09 12:08:00,97603.74
2026-09-09 12:09:00,97603.74
2026-09-09 12:10:00,97603.74
2026-09-09 12:11:00,97603.74
2026-09-09 12:12:00,97603.74
2026-09-09 12:13:00,97603.74
2026-09-09 12:14:00,97603.74
2026-09-09 12:15:00,97603.74
2026-09-09 12:16:00,97603.74
2026-09-09 12:17:00,97603.74
2026-09-09 12:18:00,97603.74
2026-09-09 12:19:00,97603.74
2026-09-09 12:20:00,97603.74
2026-09-09 12:21:00,97603.74
2026-09-09 12:22:00,97603.74
2026-09-09 12:23:00,97603.74
2026-09-09 12:24:00,97603.74
2026-09-09 12:25:00,97603.74
2026-09-09 12:26:00,97603.74
2026-09-09 12:27:00,97603.74
2026-09-09 12:28:00,97603.74
2026-09-09 12:29:00,97603.74
2026-09-09 12:30:00,97603.74
2026-09-09 12:31:00,97603.74
2026-09-09 12:32:00,97603.74
2026-09-09 12:33:00,97603.74
2026-09-09 12:34:00,97603.74
2026-09-09 12:35:00,97603.74
2026-09-09 12:36:00,97603.74
2026-09-09 12:37:00,97603.74
2026-09-09 12:38:00,97603.74
2026-09-09 12:39:00,97603.74
2026-09-09 12:40:00,97603.74
2026-09-09 12:41:00,97603.74
2026-09-09 12:42:00,97603.74
2026-09-09 12:43:00,97603.74
2026-09-09 12:44:00,97603.74
2026-09-09 12:45:00,97603.74
2026-09-09 12:46:00,97603.74
2026-09-09 12:47:00,97603.74
2026-09-09 12:48:00,97603.74
2026-09-09 12:49:00,97603.74
2026-09-09 12:50:00,97603.74
2026-09-09 12:51:00,97579.18
2026-09-09 12:52:00,97579.18
2026-09-09 12:53:00,97563.70
2026-09-09 12:54:00,97552.09
2026-09-09 12:55:00,97559.83
2026-09-09 12:56:00,97571.44
2026-09-09 12:57:00,97563.70
2026-09-09 12:58:00,97562.41
2026-09-09 12:59:00,97540.48
2026-09-09 13:00:00,97499.70
2026-09-09 13:01:00,97499.70
2026-09-09 13:02:00,97499.70
2026-09-09 13:03:00,97499.70
2026-09-09 13:04:00,97499.70
2026-09-09 13:05:00,97499.70
2026-09-09 13:06:00,97499.70
2026-09-09 13:07:00,97499.70
2026-09-09 13:08:00,97499.70
2026-09-09 13:09:00,97499.70
2026-09-09 13:10:00,97499.70
2026-09-09 13:11:00,97499.70
2026-09-09 13:12:00,97499.70
2026-09-09 13:13:00,97499.70
2026-09-09 13:14:00,97499.70
2026-09-09 13:15:00,97499.70
2026-09-09 13:16:00,97499.70
2026-09-09 13:17:00,97499.70
2026-09-09 13:18:00,97499.70
2026-09-09 13:19:00,97499.70
2026-09-09 13:20:00,97499.70
2026-09-09 13:21:00,97499.70
2026-09-09 13:22:00,97499.70
2026-09-09 13:23:00,97499.70
2026-09-09 13:24:00,97499.70
2026-09-09 13:25:00,97499.70
2026-09-09 13:26:00,97499.70
2026-09-09 13:27:00,97499.70
2026-09-09 13:28:00,97499.70
2026-09-09 13:29:00,97499.70
2026-09-09 13:30:00,97499.70
2026-09-09 13:31:00,97499.70
2026-09-09 13:32:00,97499.70
2026-09-09 13:33:00,97499.70
2026-09-09 13:34:00,97499.70
2026-09-09 13:35:00,97499.70
2026-09-09 13:36:00,97499.70
2026-09-09 13:37:00,97499.70
2026-09-09 13:38:00,97499.70
2026-09-09 13:39:00,97499.70
2026-09-09 13:40:00,97499.70
2026-09-09 13:41:00,97499.70
2026-09-09 13:42:00,97499.70
2026-09-09 13:43:00,97499.70
2026-09-09 13:44:00,97499.70
2026-09-09 13:45:00,97499.70
2026-09-09 13:46:00,97499.70
2026-09-09 13:47:00,97499.70
2026-09-09 13:48:00,97499.70
2026-09-09 13:49:00,97499.70
2026-09-09 13:50:00,97499.70
2026-09-09 13:51:00,97499.70
2026-09-09 13:52:00,97499.70
2026-09-09 13:53:00,97499.70
2026-09-09 13:54:00,97499.70
2026-09-09 13:55:00,97499.70
2026-09-09 13:56:00,97499.70
2026-09-09 13:57:00,97499.70
2026-09-09 13:58:00,97499.70
2026-09-09 13:59:00,97499.70
2026-09-09 14:00:00,97499.70
2026-09-09 14:01:00,97499.70
2026-09-09 14:02:00,97499.70
2026-09-09 14:03:00,97499.70
2026-09-09 14:04:00,97499.70
2026-09-09 14:05:00,97499.70
2026-09-09 14:06:00,97499.70
2026-09-09 14:07:00,97499.70
2026-09-09 14:08:00,97499.70
2026-09-09 14:09:00,97499.70
2026-09-09 14:10:00,97499.70
2026-09-09 14:11:00,97499.70
2026-09-09 14:12:00,97499.70
2026-09-09 14:13:00,97499.70
2026-09-09 14:14:00,97499.70
2026-09-09 14:15:00,97499.70
2026-09-09 14:16:00,97499.70
2026-09-09 14:17:00,97499.70
2026-09-09 14:18:00,97499.70
2026-09-09 14:19:00,97499.70
2026-09-09 14:20:00,97499.70
2026-09-09 14:21:00,97499.70
2026-09-09 14:22:00,97499.70
2026-09-09 14:23:00,97499.70
2026-09-09 14:24:00,97499.70
2026-09-09 14:25:00,97499.70
2026-09-09 14:26:00,97499.70
2026-09-09 14:27:00,97499.70
2026-09-09 14:28:00,97499.70
2026-09-09 14:29:00,97499.70
2026-09-09 14:30:00,97499.70
2026-09-09 14:31:00,97499.70
2026-09-09 14:32:00,97499.70
2026-09-09 14:33:00,97499.70
2026-09-09 14:34:00,97499.70
2026-09-09 14:35:00,97499.70
2026-09-09 14:36:00,97499.70
2026-09-09 14:37:00,97499.70
2026-09-09 14:38:00,97499.70
2026-09-09 14:39:00,97499.70
2026-09-09 14:40:00,97499.70
2026-09-09 14:41:00,97499.70
2026-09-09 14:42:00,97499.70
2026-09-09 14:43:00,97499.70
2026-09-09 14:44:00,97499.70
2026-09-09 14:45:00,97499.70
2026-09-09 14:46:00,97499.70
2026-09-09 14:47:00,97499.70
2026-09-09 14:48:00,97499.70
2026-09-09 14:49:00,97499.70
2026-09-09 14:50:00,97499.70
2026-09-09 14:51:00,97499.70
2026-09-09 14:52:00,97499.70
2026-09-09 14:53:00,97499.70
2026-09-09 14:54:00,97499.70
2026-09-09 14:55:00,97499.70
2026-09-09 14:56:00,97499.70
2026-09-09 14:57:00,97499.70
2026-09-09 14:58:00,97499.70
2026-09-09 14:59:00,97499.70
2026-09-09 15:00:00,97499.70
2026-09-09 15:01:00,97499.70
2026-09-09 15:02:00,97499.70
2026-09-09 15:03:00,97499.70
2026-09-09 15:04:00,97499.70
2026-09-09 15:05:00,97499.70
2026-09-09 15:06:00,97499.70
2026-09-09 15:07:00,97499.70
2026-09-09 15:08:00,97499.70
2026-09-09 15:09:00,97499.70
2026-09-09 15:10:00,97499.70
2026-09-09 15:11:00,97499.70
2026-09-09 15:12:00,97499.70
2026-09-09 15:13:00,97499.70
2026-09-09 15:14:00,97499.70
2026-09-09 15:15:00,97499.70
2026-09-09 15:16:00,97499.70
2026-09-09 15:17:00,97499.70
2026-09-09 15:18:00,97499.70
2026-09-09 15:19:00,97499.70
2026-09-09 15:20:00,97499.70
2026-09-09 15:21:00,97499.70
2026-09-09 15:22:00,97499.70
2026-09-09 15:23:00,97499.70
2026-09-09 15:24:00,97499.70
2026-09-09 15:25:00,97499.70
2026-09-09 15:26:00,97499.70
2026-09-09 15:27:00,97499.70
2026-09-09 15:28:00,97499.70
2026-09-09 15:29:00,97499.70
2026-09-09 15:30:00,97499.70
2026-09-09 15:31:00,97499.70
2026-09-09 15:32:00,97499.70
2026-09-09 15:33:00,97499.70
2026-09-09 15:34:00,97499.70
2026-09-09 15:35:00,97499.70
2026-09-09 15:36:00,97499.70
2026-09-09 15:37:00,97499.70
2026-09-09 15:38:00,97499.70
2026-09-09 15:39:00,97499.70
2026-09-09 15:40:00,97499.70
2026-09-09 15:41:00,97499.70
2026-09-09 15:42:00,97499.70
2026-09-09 15:43:00,97499.70
2026-09-09 15:44:00,97499.70
2026-09-09 15:45:00,97499.70
2026-09-09 15:46:00,97499.70
2026-09-09 15:47:00,97499.70
2026-09-09 15:48:00,97499.70
2026-09-09 15:49:00,97499.70
2026-09-09 15:50:00,97499.70
2026-09-09 15:51:00,97499.70
2026-09-09 15:52:00,97499.70
2026-09-09 15:53:00,97499.70
2026-09-09 15:54:00,97499.70
2026-09-09 15:55:00,97499.70
2026-09-09 15:56:00,97499.70
2026-09-09 15:57:00,97499.70
2026-09-09 15:58:00,97499.70
2026-09-09 15:59:00,97499.70
2026-09-09 16:00:00,97499.70
2026-09-09 16:01:00,97499.70
2026-09-09 16:02:00,97499.70
2026-09-09 16:03:00,97499.70
2026-09-09 16:04:00,97499.70
2026-09-09 16:05:00,97499.70
2026-09-09 16:06:00,97499.70
2026-09-09 16:07:00,97499.70
2026-09-09 16:08:00,97499.70
2026-09-09 16:09:00,97499.70
2026-09-09 16:10:00,97499.70
2026-09-09 16:11:00,97499.70
2026-09-09 16:12:00,97499.70
2026-09-09 16:13:00,97499.70
2026-09-09 16:14:00,97499.70
2026-09-09 16:15:00,97499.70
2026-09-09 16:16:00,97499.70
2026-09-09 16:17:00,97499.70
2026-09-09 16:18:00,97499.70
2026-09-09 16:19:00,97499.70
2026-09-09 16:20:00,97499.70
2026-09-09 16:21:00,97499.70
2026-09-09 16:22:00,97499.70
2026-09-09 16:23:00,97499.70
2026-09-09 16:24:00,97499.70
2026-09-09 16:25:00,97499.70
2026-09-09 16:26:00,97499.70
2026-09-09 16:27:00,97499.70
2026-09-09 16:28:00,97499.70
2026-09-09 16:29:00,97499.70
2026-09-09 16:30:00,97499.70
2026-09-09 16:31:00,97499.70
2026-09-09 16:32:00,97499.70
2026-09-09 16:33:00,97499.70
2026-09-09 16:35:00,97499.70
2026-09-09 16:36:00,97499.70
2026-09-09 16:37:00,97499.70
2026-09-09 16:38:00,97499.70
2026-09-09 16:40:00,97499.70
2026-09-09 16:41:00,97499.70
2026-09-09 16:42:00,97499.70
2026-09-09 16:43:00,97499.70
2026-09-09 16:44:00,97499.70
2026-09-09 16:45:00,97499.70
2026-09-09 16:47:00,97499.70
2026-09-09 16:48:00,97499.70
2026-09-09 16:49:00,97499.70
2026-09-09 16:50:00,97499.70
2026-09-09 16:52:00,97499.70
2026-09-09 16:53:00,97499.70
2026-09-09 16:54:00,97499.70
2026-09-09 16:55:00,97499.70
2026-09-09 16:56:00,97499.70
2026-09-09 16:58:00,97499.70
2026-09-09 16:59:00,97499.70
2026-09-09 17:00:00,97499.70
2026-09-09 17:01:00,97499.70
2026-09-09 17:02:00,97499.70
2026-09-09 17:03:00,97499.70
2026-09-09 17:07:00,97499.70
2026-09-09 17:08:00,97499.70
2026-09-09 17:09:00,97499.70
2026-09-09 17:10:00,97499.70
2026-09-09 17:11:00,97499.70
2026-09-09 17:12:00,97499.70
2026-09-09 17:13:00,97499.70
2026-09-09 17:15:00,97499.70
2026-09-09 17:16:00,97499.70
2026-09-09 17:17:00,97499.70
2026-09-09 17:18:00,97499.70
2026-09-09 17:19:00,97499.70
2026-09-09 17:20:00,97499.70
2026-09-09 17:21:00,97499.70
2026-09-09 17:22:00,97499.70
2026-09-09 17:23:00,97499.70
2026-09-09 17:24:00,97499.70
2026-09-09 17:25:00,97499.70
2026-09-09 17:26:00,97499.70
2026-09-09 17:27:00,97499.70
2026-09-09 17:28:00,97499.70
2026-09-09 17:29:00,97499.70
2026-09-09 17:30:00,97499.70
2026-09-09 17:34:00,97499.70
2026-09-09 17:36:00,97499.70
2026-09-09 17:37:00,97499.70
2026-09-09 17:38:00,97499.70
2026-09-09 17:40:00,97499.70
2026-09-09 17:41:00,97499.70
2026-09-09 17:42:00,97499.70
2026-09-09 17:43:00,97499.70
2026-09-09 17:44:00,97499.70
2026-09-09 17:45:00,97499.70
2026-09-09 17:46:00,97499.70
2026-09-09 17:47:00,97499.70
2026-09-09 17:48:00,97499.70
2026-09-09 17:49:00,97499.70
2026-09-09 17:51:00,97499.70
2026-09-09 17:52:00,97499.70
2026-09-09 17:53:00,97499.70
2026-09-09 17:54:00,97499.70
2026-09-09 17:55:00,97499.70
2026-09-09 17:56:00,97499.70
2026-09-09 17:57:00,97499.70
2026-09-09 17:58:00,97499.70
2026-09-09 17:59:00,97499.70
2026-09-09 18:00:00,97499.70
2026-09-09 18:01:00,97499.70
2026-09-09 18:02:00,97429.84
2026-09-09 18:03:00,97429.84
2026-09-09 18:04:00,97429.84
2026-09-09 18:05:00,97429.84
2026-09-09 18:06:00,97429.84
2026-09-09 18:07:00,97429.84
2026-09-09 18:08:00,97429.84
2026-09-09 18:09:00,97429.84
2026-09-09 18:10:00,97429.84
2026-09-09 18:11:00,97429.84
2026-09-09 18:12:00,97429.84
2026-09-09 18:13:00,97429.84
2026-09-09 18:14:00,97429.84
2026-09-09 18:15:00,97429.84
2026-09-09 18:16:00,97429.84
2026-09-09 18:17:00,97429.84
2026-09-09 18:19:00,97429.84
2026-09-09 18:20:00,97429.84
2026-09-09 18:21:00,97429.84
2026-09-09 18:22:00,97429.84
2026-09-09 18:23:00,97429.84
2026-09-09 18:24:00,97429.84
2026-09-09 18:25:00,97429.84
2026-09-09 18:26:00,97429.84
2026-09-09 18:27:00,97429.84
2026-09-09 18:28:00,97429.84
2026-09-09 18:30:00,97429.84
2026-09-09 18:32:00,97429.84
2026-09-09 18:34:00,97429.84
2026-09-09 18:35:00,97429.84
2026-09-09 18:36:00,97429.84
2026-09-09 18:38:00,97429.84
2026-09-09 18:40:00,97429.84
2026-09-09 18:42:00,97429.84
2026-09-09 18:44:00,97429.84
2026-09-09 18:45:00,97429.84
2026-09-09 18:46:00,97429.84
2026-09-09 18:49:00,97429.84
2026-09-09 18:50:00,97429.84
2026-09-09 18:51:00,97429.84
2026-09-09 18:52:00,97429.84
2026-09-09 18:53:00,97429.84
2026-09-09 18:54:00,97429.84
2026-09-09 18:55:00,97429.84
2026-09-09 18:56:00,97429.84
2026-09-09 18:57:00,97429.84
2026-09-09 18:59:00,97429.84
2026-09-09 19:00:00,97429.84
2026-09-09 19:01:00,97429.84
2026-09-09 19:02:00,97429.84
2026-09-09 19:03:00,97429.84
2026-09-09 19:04:00,97429.84
2026-09-09 19:05:00,97429.84
2026-09-09 19:07:00,97429.84
2026-09-09 19:08:00,97429.84
2026-09-09 19:09:00,97429.84
2026-09-09 19:10:00,97429.84
2026-09-09 19:11:00,97429.84
2026-09-09 19:12:00,97429.84
2026-09-09 19:13:00,97429.84
2026-09-09 19:14:00,97429.84
2026-09-09 19:15:00,97429.84
2026-09-09 19:16:00,97429.84
2026-09-09 19:17:00,97429.84
2026-09-09 19:18:00,97429.84
2026-09-09 19:19:00,97429.84
2026-09-09 19:21:00,97429.84
2026-09-09 19:24:00,97429.84
2026-09-09 19:25:00,97429.84
2026-09-09 19:27:00,97429.84
2026-09-09 19:30:00,97429.84
2026-09-09 19:32:00,97429.84
2026-09-09 19:33:00,97429.84
2026-09-09 19:34:00,97429.84
2026-09-09 19:35:00,97429.84
2026-09-09 19:36:00,97429.84
2026-09-09 19:37:00,97429.84
2026-09-09 19:38:00,97429.84
2026-09-09 19:39:00,97429.84
2026-09-09 19:41:00,97429.84
2026-09-09 19:42:00,97429.84
2026-09-09 19:43:00,97429.84
2026-09-09 19:44:00,97429.84
2026-09-09 19:45:00,97429.84
2026-09-09 19:46:00,97429.84
2026-09-09 19:47:00,97429.84
2026-09-09 19:48:00,97429.84
2026-09-09 19:50:00,97429.84
2026-09-09 19:51:00,97437.53
2026-09-09 19:52:00,97464.62
2026-09-09 19:53:00,97468.49
2026-09-09 19:54:00,97516.22
2026-09-09 19:55:00,97468.51
2026-09-09 19:56:00,97468.51
2026-09-09 19:57:00,97468.51
2026-09-09 19:58:00,97468.51
2026-09-09 19:59:00,97468.51
2026-09-10 04:00:00,97468.51
2026-09-10 04:01:00,97468.51
2026-09-10 04:02:00,97468.51
2026-09-10 04:03:00,97468.51
2026-09-10 04:05:00,97468.51
2026-09-10 04:06:00,97468.51
2026-09-10 04:07:00,97468.51
2026-09-10 04:08:00,97468.51
2026-09-10 04:09:00,97468.51
2026-09-10 04:10:00,97468.51
2026-09-10 04:11:00,97468.51
2026-09-10 04:12:00,97468.51
2026-09-10 04:14:00,97468.51
2026-09-10 04:15:00,97468.51
2026-09-10 04:16:00,97468.51
2026-09-10 04:17:00,97468.51
2026-09-10 04:18:00,97468.51
2026-09-10 04:19:00,97468.51
2026-09-10 04:20:00,97468.51
2026-09-10 04:21:00,97468.51
2026-09-10 04:22:00,97468.51
2026-09-10 04:23:00,97468.51
2026-09-10 04:26:00,97468.51
2026-09-10 04:29:00,97468.51
2026-09-10 04:30:00,97468.51
2026-09-10 04:33:00,97468.51
2026-09-10 04:34:00,97468.51
2026-09-10 04:35:00,97468.51
2026-09-10 04:37:00,97468.51
2026-09-10 04:38:00,97468.51
2026-09-10 04:39:00,97468.51
2026-09-10 04:40:00,97468.51
2026-09-10 04:41:00,97468.51
2026-09-10 04:42:00,97468.51
2026-09-10 04:43:00,97468.51
2026-09-10 04:44:00,97468.51
2026-09-10 04:45:00,97468.51
2026-09-10 04:46:00,97468.51
2026-09-10 04:48:00,97468.51
2026-09-10 04:49:00,97468.51
2026-09-10 04:50:00,97468.51
2026-09-10 04:51:00,97468.51
2026-09-10 04:52:00,97468.51
2026-09-10 04:53:00,97468.51
2026-09-10 04:54:00,97468.51
2026-09-10 04:55:00,97468.51
2026-09-10 04:56:00,97468.51
2026-09-10 04:58:00,97468.51
2026-09-10 04:59:00,97468.51
2026-09-10 05:00:00,97468.51
2026-09-10 05:02:00,97468.51
2026-09-10 05:03:00,97468.51
2026-09-10 05:04:00,97468.51
2026-09-10 05:06:00,97468.51
2026-09-10 05:09:00,97468.51
2026-09-10 05:11:00,97468.51
2026-09-10 05:12:00,97468.51
2026-09-10 05:13:00,97468.51
2026-09-10 05:14:00,97468.51
2026-09-10 05:18:00,97468.51
2026-09-10 05:20:00,97468.51
2026-09-10 05:21:00,97468.51
2026-09-10 05:23:00,97468.51
2026-09-10 05:24:00,97468.51
2026-09-10 05:25:00,97468.51
2026-09-10 05:26:00,97468.51
2026-09-10 05:27:00,97468.51
2026-09-10 05:28:00,97468.51
2026-09-10 05:29:00,97468.51
2026-09-10 05:30:00,97468.51
2026-09-10 05:31:00,97468.51
2026-09-10 05:32:00,97468.51
2026-09-10 05:33:00,97468.51
2026-09-10 05:34:00,97468.51
2026-09-10 05:35:00,97468.51
2026-09-10 05:36:00,97468.51
2026-09-10 05:37:00,97468.51
2026-09-10 05:38:00,97468.51
2026-09-10 05:39:00,97468.51
2026-09-10 05:40:00,97468.51
2026-09-10 05:41:00,97468.51
2026-09-10 05:42:00,97468.51
2026-09-10 05:43:00,97468.51
2026-09-10 05:44:00,97468.51
2026-09-10 05:45:00,97468.51
2026-09-10 05:46:00,97468.51
2026-09-10 05:47:00,97468.51
2026-09-10 05:48:00,97468.51
2026-09-10 05:49:00,97468.51
2026-09-10 05:50:00,97468.51
2026-09-10 05:51:00,97468.51
2026-09-10 05:52:00,97468.51
2026-09-10 05:53:00,97468.51
2026-09-10 05:54:00,97468.51
2026-09-10 05:55:00,97468.51
2026-09-10 05:56:00,97468.51
2026-09-10 05:57:00,97468.51
2026-09-10 05:58:00,97468.51
2026-09-10 05:59:00,97468.51
2026-09-10 06:00:00,97468.51
2026-09-10 06:01:00,97468.51
2026-09-10 06:02:00,97468.51
2026-09-10 06:03:00,97468.51
2026-09-10 06:05:00,97468.51
2026-09-10 06:07:00,97468.51
2026-09-10 06:08:00,97468.51
2026-09-10 06:09:00,97468.51
2026-09-10 06:11:00,97468.51
2026-09-10 06:12:00,97468.51
2026-09-10 06:14:00,97468.51
2026-09-10 06:15:00,97468.51
2026-09-10 06:16:00,97468.51
2026-09-10 06:17:00,97468.51
2026-09-10 06:18:00,97468.51
2026-09-10 06:20:00,97468.51
2026-09-10 06:21:00,97468.51
2026-09-10 06:22:00,97468.51
2026-09-10 06:23:00,97468.51
2026-09-10 06:24:00,97468.51
2026-09-10 06:25:00,97468.51
2026-09-10 06:26:00,97468.51
2026-09-10 06:27:00,97468.51
2026-09-10 06:28:00,97468.51
2026-09-10 06:29:00,97468.51
2026-09-10 06:30:00,97468.51
2026-09-10 06:31:00,97468.51
2026-09-10 06:32:00,97468.51
2026-09-10 06:33:00,97468.51
2026-09-10 06:34:00,97468.51
2026-09-10 06:35:00,97468.51
2026-09-10 06:36:00,97468.51
2026-09-10 06:37:00,97468.51
2026-09-10 06:38:00,97468.51
2026-09-10 06:39:00,97468.51
2026-09-10 06:40:00,97468.51
2026-09-10 06:41:00,97468.51
2026-09-10 06:43:00,97468.51
2026-09-10 06:44:00,97468.51
2026-09-10 06:45:00,97468.51
2026-09-10 06:46:00,97468.51
2026-09-10 06:47:00,97468.51
2026-09-10 06:48:00,97468.51
2026-09-10 06:49:00,97468.51
2026-09-10 06:50:00,97468.51
2026-09-10 06:51:00,97468.51
2026-09-10 06:52:00,97468.51
2026-09-10 06:53:00,97468.51
2026-09-10 06:54:00,97468.51
2026-09-10 06:55:00,97468.51
2026-09-10 06:56:00,97468.51
2026-09-10 06:57:00,97468.51
2026-09-10 06:58:00,97468.51
2026-09-10 06:59:00,97468.51
2026-09-10 07:00:00,97468.51
2026-09-10 07:01:00,97468.51
2026-09-10 07:02:00,97468.51
2026-09-10 07:03:00,97468.51
2026-09-10 07:04:00,97468.51
2026-09-10 07:05:00,97468.51
2026-09-10 07:06:00,97468.51
2026-09-10 07:07:00,97468.51
2026-09-10 07:08:00,97468.51
2026-09-10 07:09:00,97468.51
2026-09-10 07:10:00,97468.51
2026-09-10 07:11:00,97468.51
2026-09-10 07:12:00,97468.51
2026-09-10 07:13:00,97468.51
2026-09-10 07:14:00,97468.51
2026-09-10 07:15:00,97468.51
2026-09-10 07:16:00,97468.51
2026-09-10 07:17:00,97468.51
2026-09-10 07:18:00,97468.51
2026-09-10 07:19:00,97468.51
2026-09-10 07:20:00,97468.51
2026-09-10 07:21:00,97468.51
2026-09-10 07:22:00,97468.51
2026-09-10 07:23:00,97468.51
2026-09-10 07:24:00,97468.51
2026-09-10 07:25:00,97468.51
2026-09-10 07:26:00,97468.51
2026-09-10 07:27:00,97468.51
2026-09-10 07:28:00,97468.51
2026-09-10 07:29:00,97468.51
2026-09-10 07:30:00,97468.51
2026-09-10 07:31:00,97468.51
2026-09-10 07:32:00,97468.51
2026-09-10 07:33:00,97468.51
2026-09-10 07:34:00,97468.51
2026-09-10 07:35:00,97468.51
2026-09-10 07:36:00,97468.51
2026-09-10 07:37:00,97468.51
2026-09-10 07:38:00,97468.51
2026-09-10 07:39:00,97468.51
2026-09-10 07:40:00,97468.51
2026-09-10 07:41:00,97468.51
2026-09-10 07:42:00,97468.51
2026-09-10 07:43:00,97468.51
2026-09-10 07:44:00,97468.51
2026-09-10 07:45:00,97468.51
2026-09-10 07:46:00,97468.51
2026-09-10 07:47:00,97468.51
2026-09-10 07:48:00,97468.51
2026-09-10 07:49:00,97468.51
2026-09-10 07:50:00,97468.51
2026-09-10 07:51:00,97468.51
2026-09-10 07:52:00,97468.51
2026-09-10 07:53:00,97468.51
2026-09-10 07:54:00,97468.51
2026-09-10 07:55:00,97468.51
2026-09-10 07:56:00,97468.51
2026-09-10 07:57:00,97468.51
2026-09-10 07:58:00,97468.51
2026-09-10 07:59:00,97468.51
2026-09-10 08:00:00,97468.51
2026-09-10 08:01:00,97468.51
2026-09-10 08:02:00,97468.51
2026-09-10 08:03:00,97468.51
2026-09-10 08:04:00,97468.51
2026-09-10 08:05:00,97468.51
2026-09-10 08:06:00,97468.51
2026-09-10 08:07:00,97468.51
2026-09-10 08:08:00,97468.51
2026-09-10 08:09:00,97468.51
2026-09-10 08:10:00,97468.51
2026-09-10 08:11:00,97468.51
2026-09-10 08:12:00,97468.51
2026-09-10 08:13:00,97468.51
2026-09-10 08:14:00,97468.51
2026-09-10 08:15:00,97468.51
2026-09-10 08:16:00,97468.51
2026-09-10 08:17:00,97468.51
2026-09-10 08:18:00,97468.51
2026-09-10 08:19:00,97468.51
2026-09-10 08:20:00,97468.51
2026-09-10 08:21:00,97468.51
2026-09-10 08:22:00,97468.51
2026-09-10 08:23:00,97468.51
2026-09-10 08:24:00,97468.51
2026-09-10 08:25:00,97468.51
2026-09-10 08:26:00,97468.51
2026-09-10 08:27:00,97468.51
2026-09-10 08:28:00,97468.51
2026-09-10 08:29:00,97468.51
2026-09-10 08:30:00,97468.51
2026-09-10 08:31:00,97468.51
2026-09-10 08:32:00,97468.51
2026-09-10 08:33:00,97468.51
2026-09-10 08:34:00,97468.51
2026-09-10 08:35:00,97468.51
2026-09-10 08:36:00,97468.51
2026-09-10 08:37:00,97468.51
2026-09-10 08:38:00,97468.51
2026-09-10 08:39:00,97468.51
2026-09-10 08:40:00,97468.51
2026-09-10 08:41:00,97468.51
2026-09-10 08:42:00,97468.51
2026-09-10 08:43:00,97468.51
2026-09-10 08:44:00,97468.51
2026-09-10 08:45:00,97468.51
2026-09-10 08:46:00,97468.51
2026-09-10 08:47:00,97468.51
2026-09-10 08:48:00,97468.51
2026-09-10 08:49:00,97468.51
2026-09-10 08:50:00,97468.51
2026-09-10 08:51:00,97468.51
2026-09-10 08:52:00,97468.51
2026-09-10 08:53:00,97468.51
2026-09-10 08:54:00,97468.51
2026-09-10 08:55:00,97468.51
2026-09-10 08:56:00,97468.51
2026-09-10 08:57:00,97468.51
2026-09-10 08:58:00,97468.51
2026-09-10 08:59:00,97468.51
2026-09-10 09:00:00,97468.51
2026-09-10 09:01:00,97468.51
2026-09-10 09:02:00,97468.51
2026-09-10 09:03:00,97468.51
2026-09-10 09:04:00,97468.51
2026-09-10 09:05:00,97468.51
2026-09-10 09:06:00,97468.51
2026-09-10 09:07:00,97468.51
2026-09-10 09:08:00,97468.51
2026-09-10 09:09:00,97468.51
2026-09-10 09:10:00,97468.51
2026-09-10 09:11:00,97468.51
2026-09-10 09:12:00,97468.51
2026-09-10 09:13:00,97468.51
2026-09-10 09:14:00,97468.51
2026-09-10 09:15:00,97468.51
2026-09-10 09:16:00,97468.51
2026-09-10 09:17:00,97468.51
2026-09-10 09:18:00,97468.51
2026-09-10 09:19:00,97468.51
2026-09-10 09:20:00,97468.51
2026-09-10 09:21:00,97468.51
2026-09-10 09:22:00,97468.51
2026-09-10 09:23:00,97468.51
2026-09-10 09:24:00,97468.51
2026-09-10 09:25:00,97468.51
2026-09-10 09:26:00,97468.51
2026-09-10 09:27:00,97468.51
2026-09-10 09:28:00,97468.51
2026-09-10 09:29:00,97468.51
2026-09-10 09:30:00,97468.51
2026-09-10 09:31:00,97468.51
2026-09-10 09:32:00,97468.51
2026-09-10 09:33:00,97468.51
2026-09-10 09:34:00,97468.51
2026-09-10 09:35:00,97468.51
2026-09-10 09:36:00,97468.51
2026-09-10 09:37:00,97468.51
2026-09-10 09:38:00,97468.51
2026-09-10 09:39:00,97572.72
2026-09-10 09:40:00,97598.59
2026-09-10 09:41:00,97508.24
2026-09-10 09:42:00,97524.49
2026-09-10 09:43:00,97523.19
2026-09-10 09:44:00,97449.09
2026-09-10 09:45:00,97530.99
2026-09-10 09:46:00,97593.42
2026-09-10 09:47:00,97566.09
2026-09-10 09:48:00,97501.35
2026-09-10 09:49:00,97594.54
2026-09-10 09:50:00,97471.19
2026-09-10 09:51:00,97368.49
2026-09-10 09:52:00,97337.96
2026-09-10 09:53:00,97337.96
2026-09-10 09:54:00,97337.96
2026-09-10 09:55:00,97337.96
2026-09-10 09:56:00,97337.96
2026-09-10 09:57:00,97337.96
2026-09-10 09:58:00,97337.96
2026-09-10 09:59:00,97337.96
2026-09-10 10:00:00,97337.96
2026-09-10 10:01:00,97337.96
2026-09-10 10:02:00,97337.96
2026-09-10 10:03:00,97337.96
2026-09-10 10:04:00,97337.96
2026-09-10 10:05:00,97337.96
2026-09-10 10:06:00,97337.96
2026-09-10 10:07:00,97337.96
2026-09-10 10:08:00,97337.96
2026-09-10 10:09:00,97337.96
2026-09-10 10:10:00,97337.96
2026-09-10 10:11:00,97337.96
2026-09-10 10:12:00,97337.96
2026-09-10 10:13:00,97337.96
2026-09-10 10:14:00,97337.96
2026-09-10 10:15:00,97337.96
2026-09-10 10:16:00,97337.96
2026-09-10 10:17:00,97337.96
2026-09-10 10:18:00,97337.96
2026-09-10 10:19:00,97337.96
2026-09-10 10:20:00,97337.96
2026-09-10 10:21:00,97337.96
2026-09-10 10:22:00,97337.96
2026-09-10 10:23:00,97337.96
2026-09-10 10:24:00,97337.96
2026-09-10 10:25:00,97352.45
2026-09-10 10:26:00,97248.32
2026-09-10 10:27:00,97231.42
2026-09-10 10:28:00,97276.92
2026-09-10 10:29:00,97252.22
2026-09-10 10:30:00,97304.22
2026-09-10 10:31:00,97343.22
2026-09-10 10:32:00,97317.22
2026-09-10 10:33:00,97282.12
2026-09-10 10:34:00,97290.57
2026-09-10 10:35:00,97383.52
2026-09-10 10:36:00,97427.72
2026-09-10 10:37:00,97453.07
2026-09-10 10:38:00,97455.02
2026-09-10 10:39:00,97423.17
2026-09-10 10:40:00,97412.12
2026-09-10 10:41:00,97405.62
2026-09-10 10:42:00,97360.94
2026-09-10 10:43:00,97330.22
2026-09-10 10:44:00,97347.12
2026-09-10 10:45:00,97322.42
2026-09-10 10:46:00,97377.02
2026-09-10 10:47:00,97279.52
2026-09-10 10:48:00,97262.08
2026-09-10 10:49:00,97262.08
2026-09-10 10:50:00,97262.08
2026-09-10 10:51:00,97262.08
2026-09-10 10:52:00,97262.08
2026-09-10 10:53:00,97262.08
2026-09-10 10:54:00,97262.08
2026-09-10 10:55:00,97262.08
2026-09-10 10:56:00,97262.08
2026-09-10 10:57:00,97262.08
2026-09-10 10:58:00,97262.08
2026-09-10 10:59:00,97262.08
2026-09-10 11:00:00,97262.08
2026-09-10 11:01:00,97262.08
2026-09-10 11:02:00,97262.08
2026-09-10 11:03:00,97262.08
2026-09-10 11:04:00,97262.08
2026-09-10 11:05:00,97262.08
2026-09-10 11:06:00,97262.08
2026-09-10 11:07:00,97262.08
2026-09-10 11:08:00,97262.08
2026-09-10 11:09:00,97262.08
2026-09-10 11:10:00,97262.08
2026-09-10 11:11:00,97262.08
2026-09-10 11:12:00,97262.08
2026-09-10 11:13:00,97262.08
2026-09-10 11:14:00,97262.08
2026-09-10 11:15:00,97262.08
2026-09-10 11:16:00,97262.08
2026-09-10 11:17:00,97262.08
2026-09-10 11:18:00,97262.08
2026-09-10 11:19:00,97262.08
2026-09-10 11:20:00,97262.08
2026-09-10 11:21:00,97262.08
2026-09-10 11:22:00,97262.08
2026-09-10 11:23:00,97262.08
2026-09-10 11:24:00,97262.08
2026-09-10 11:25:00,97262.08
2026-09-10 11:26:00,97262.08
2026-09-10 11:27:00,97262.08
2026-09-10 11:28:00,97262.08
2026-09-10 11:29:00,97262.08
2026-09-10 11:30:00,97262.08
2026-09-10 11:31:00,97262.08
2026-09-10 11:32:00,97262.08
2026-09-10 11:33:00,97262.08
2026-09-10 11:34:00,97262.08
2026-09-10 11:35:00,97262.08
2026-09-10 11:36:00,97262.08
2026-09-10 11:37:00,97262.08
2026-09-10 11:38:00,97174.62
2026-09-10 11:39:00,97169.20
2026-09-10 11:40:00,97138.24
2026-09-10 11:41:00,97180.81
2026-09-10 11:42:00,97175.01
2026-09-10 11:43:00,97198.87
2026-09-10 11:44:00,97201.45
2026-09-10 11:45:00,97164.69
2026-09-10 11:46:00,97105.66
2026-09-10 11:47:00,97105.66
2026-09-10 11:48:00,97105.66
2026-09-10 11:49:00,97105.66
2026-09-10 11:50:00,97105.66
2026-09-10 11:51:00,97105.66
2026-09-10 11:52:00,97105.66
2026-09-10 11:53:00,97105.66
2026-09-10 11:54:00,97105.66
2026-09-10 11:55:00,97105.66
2026-09-10 11:56:00,97105.66
2026-09-10 11:57:00,97105.66
2026-09-10 11:58:00,97105.66
2026-09-10 11:59:00,97105.66
2026-09-10 12:00:00,97105.66
2026-09-10 12:01:00,97105.66
2026-09-10 12:02:00,97105.66
2026-09-10 12:03:00,97105.66
2026-09-10 12:04:00,97105.66
2026-09-10 12:05:00,97105.66
2026-09-10 12:06:00,97105.66
2026-09-10 12:07:00,97105.66
2026-09-10 12:08:00,97105.66
2026-09-10 12:09:00,97105.66
2026-09-10 12:10:00,97105.66
2026-09-10 12:11:00,97105.66
2026-09-10 12:12:00,97105.66
2026-09-10 12:13:00,97105.66
2026-09-10 12:14:00,97105.66
2026-09-10 12:15:00,97105.66
2026-09-10 12:16:00,97105.66
2026-09-10 12:17:00,97105.66
2026-09-10 12:18:00,97105.66
2026-09-10 12:19:00,97105.66
2026-09-10 12:20:00,97105.66
2026-09-10 12:21:00,97105.66
2026-09-10 12:22:00,97105.66
2026-09-10 12:23:00,97105.66
2026-09-10 12:24:00,97105.66
2026-09-10 12:25:00,97105.66
2026-09-10 12:26:00,97105.66
2026-09-10 12:27:00,97105.66
2026-09-10 12:28:00,97105.66
2026-09-10 12:29:00,97105.66
2026-09-10 12:30:00,97105.66
2026-09-10 12:31:00,97105.66
2026-09-10 12:32:00,97105.66
2026-09-10 12:33:00,97105.66
2026-09-10 12:34:00,97105.66
2026-09-10 12:35:00,97105.66
2026-09-10 12:36:00,97105.66
2026-09-10 12:37:00,97105.66
2026-09-10 12:38:00,97105.66
2026-09-10 12:39:00,97105.66
2026-09-10 12:40:00,97105.66
2026-09-10 12:41:00,97105.66
2026-09-10 12:42:00,97105.66
2026-09-10 12:43:00,97105.66
2026-09-10 12:44:00,97105.66
2026-09-10 12:45:00,97105.66
2026-09-10 12:46:00,97105.66
2026-09-10 12:47:00,97105.66
2026-09-10 12:48:00,97105.66
2026-09-10 12:49:00,97105.66
2026-09-10 12:50:00,97105.66
2026-09-10 12:51:00,97105.66
2026-09-10 12:52:00,97105.66
2026-09-10 12:53:00,97105.66
2026-09-10 12:54:00,97105.66
2026-09-10 12:55:00,97105.66
2026-09-10 12:56:00,97105.66
2026-09-10 12:57:00,97105.66
2026-09-10 12:58:00,97105.66
2026-09-10 12:59:00,97105.66
2026-09-10 13:00:00,97105.66
2026-09-10 13:01:00,97105.66
2026-09-10 13:02:00,97105.66
2026-09-10 13:03:00,97105.66
2026-09-10 13:04:00,97105.66
2026-09-10 13:05:00,97105.66
2026-09-10 13:06:00,97105.66
2026-09-10 13:07:00,97105.66
2026-09-10 13:08:00,97105.66
2026-09-10 13:09:00,97105.66
2026-09-10 13:10:00,97105.66
2026-09-10 13:11:00,97105.66
2026-09-10 13:12:00,97105.66
2026-09-10 13:13:00,97105.66
2026-09-10 13:14:00,97105.66
2026-09-10 13:15:00,97105.66
2026-09-10 13:16:00,97105.66
2026-09-10 13:17:00,97105.66
2026-09-10 13:18:00,97105.66
2026-09-10 13:19:00,97105.66
2026-09-10 13:20:00,97105.66
2026-09-10 13:21:00,97105.66
2026-09-10 13:22:00,97105.66
2026-09-10 13:23:00,97105.66
2026-09-10 13:24:00,97105.66
2026-09-10 13:25:00,97105.66
2026-09-10 13:26:00,97105.66
2026-09-10 13:27:00,97105.66
2026-09-10 13:28:00,97105.66
2026-09-10 13:29:00,97105.66
2026-09-10 13:30:00,97105.66
2026-09-10 13:31:00,97105.66
2026-09-10 13:32:00,97105.66
2026-09-10 13:33:00,97105.66
2026-09-10 13:34:00,97105.66
2026-09-10 13:35:00,97105.66
2026-09-10 13:36:00,97105.66
2026-09-10 13:37:00,97105.66
2026-09-10 13:38:00,97105.66
2026-09-10 13:39:00,97105.66
2026-09-10 13:40:00,97105.66
2026-09-10 13:41:00,97105.66
2026-09-10 13:42:00,97105.66
2026-09-10 13:43:00,97105.66
2026-09-10 13:44:00,97105.66
2026-09-10 13:45:00,97105.66
2026-09-10 13:46:00,97105.66
2026-09-10 13:47:00,97105.66
2026-09-10 13:48:00,97105.66
2026-09-10 13:49:00,97105.66
2026-09-10 13:50:00,97105.66
2026-09-10 13:51:00,97105.66
2026-09-10 13:52:00,97105.66
2026-09-10 13:53:00,97105.66
2026-09-10 13:54:00,97105.66
2026-09-10 13:55:00,97105.66
2026-09-10 13:56:00,97105.66
2026-09-10 13:57:00,97105.66
2026-09-10 13:58:00,97105.66
2026-09-10 13:59:00,97105.66
2026-09-10 14:00:00,97105.66
2026-09-10 14:01:00,97105.66
2026-09-10 14:02:00,97105.66
2026-09-10 14:03:00,97105.66
2026-09-10 14:04:00,97105.66
2026-09-10 14:05:00,97105.66
2026-09-10 14:06:00,97105.66
2026-09-10 14:07:00,97105.66
2026-09-10 14:08:00,97105.66
2026-09-10 14:09:00,97105.66
2026-09-10 14:10:00,97105.66
2026-09-10 14:11:00,97105.66
2026-09-10 14:12:00,97105.66
2026-09-10 14:13:00,97105.66
2026-09-10 14:14:00,97105.66
2026-09-10 14:15:00,97105.66
2026-09-10 14:16:00,97105.66
2026-09-10 14:17:00,97105.66
2026-09-10 14:18:00,97105.66
2026-09-10 14:19:00,97105.66
2026-09-10 14:20:00,97105.66
2026-09-10 14:21:00,97105.66
2026-09-10 14:22:00,97105.66
2026-09-10 14:23:00,97105.66
2026-09-10 14:24:00,97105.66
2026-09-10 14:25:00,97105.66
2026-09-10 14:26:00,97105.66
2026-09-10 14:27:00,97105.66
2026-09-10 14:28:00,97105.66
2026-09-10 14:29:00,97105.66
2026-09-10 14:30:00,97105.66
2026-09-10 14:31:00,97105.66
2026-09-10 14:32:00,97105.66
2026-09-10 14:33:00,97105.66
2026-09-10 14:34:00,97105.66
2026-09-10 14:35:00,97105.66
2026-09-10 14:36:00,97105.66
2026-09-10 14:37:00,97105.66
2026-09-10 14:38:00,97105.66
2026-09-10 14:39:00,97105.66
2026-09-10 14:40:00,97105.66
2026-09-10 14:41:00,97105.66
2026-09-10 14:42:00,97105.66
2026-09-10 14:43:00,97105.66
2026-09-10 14:44:00,97105.66
2026-09-10 14:45:00,97105.66
2026-09-10 14:46:00,97105.66
2026-09-10 14:47:00,97105.66
2026-09-10 14:48:00,97105.66
2026-09-10 14:49:00,97105.66
2026-09-10 14:50:00,97105.66
2026-09-10 14:51:00,97105.66
2026-09-10 14:52:00,97105.66
2026-09-10 14:53:00,97105.66
2026-09-10 14:54:00,97105.66
2026-09-10 14:55:00,97105.66
2026-09-10 14:56:00,97105.66
2026-09-10 14:57:00,97105.66
2026-09-10 14:58:00,97105.66
2026-09-10 14:59:00,97105.66
2026-09-10 15:00:00,97105.66
2026-09-10 15:01:00,97105.66
2026-09-10 15:02:00,97105.66
2026-09-10 15:03:00,97105.66
2026-09-10 15:04:00,97105.66
2026-09-10 15:05:00,97105.66
2026-09-10 15:06:00,97105.66
2026-09-10 15:07:00,97105.66
2026-09-10 15:08:00,97105.66
2026-09-10 15:09:00,97105.66
2026-09-10 15:10:00,97105.66
2026-09-10 15:11:00,97105.66
2026-09-10 15:12:00,97105.66
2026-09-10 15:13:00,97105.66
2026-09-10 15:14:00,97105.66
2026-09-10 15:15:00,97105.66
2026-09-10 15:16:00,97105.66
2026-09-10 15:17:00,97105.66
2026-09-10 15:18:00,97105.66
2026-09-10 15:19:00,97105.66
2026-09-10 15:20:00,97105.66
2026-09-10 15:21:00,97105.66
2026-09-10 15:22:00,97105.66
2026-09-10 15:23:00,97105.66
2026-09-10 15:24:00,97105.66
2026-09-10 15:25:00,97105.66
2026-09-10 15:26:00,97105.66
2026-09-10 15:27:00,97105.66
2026-09-10 15:28:00,97105.66
2026-09-10 15:29:00,97105.66
2026-09-10 15:30:00,97105.66
2026-09-10 15:31:00,97105.66
2026-09-10 15:32:00,97105.66
2026-09-10 15:33:00,97105.66
2026-09-10 15:34:00,97105.66
2026-09-10 15:35:00,97105.66
2026-09-10 15:36:00,97105.66
2026-09-10 15:37:00,97105.66
2026-09-10 15:38:00,97105.66
2026-09-10 15:39:00,97105.66
2026-09-10 15:40:00,97105.66
2026-09-10 15:41:00,97105.66
2026-09-10 15:42:00,97105.66
2026-09-10 15:43:00,97105.66
2026-09-10 15:44:00,97105.66
2026-09-10 15:45:00,97105.66
2026-09-10 15:46:00,97105.66
2026-09-10 15:47:00,97105.66
2026-09-10 15:48:00,97105.66
2026-09-10 15:49:00,97105.66
2026-09-10 15:50:00,97105.66
2026-09-10 15:51:00,97105.66
2026-09-10 15:52:00,97105.66
2026-09-10 15:53:00,97105.66
2026-09-10 15:54:00,97105.66
2026-09-10 15:55:00,97105.66
2026-09-10 15:56:00,97105.66
2026-09-10 15:57:00,97105.66
2026-09-10 15:58:00,97105.66
2026-09-10 15:59:00,97105.66
2026-09-10 16:00:00,97105.66
2026-09-10 16:01:00,97105.66
2026-09-10 16:02:00,97105.66
2026-09-10 16:03:00,97105.66
2026-09-10 16:04:00,97105.66
2026-09-10 16:05:00,97105.66
2026-09-10 16:06:00,97105.66
2026-09-10 16:07:00,97105.66
2026-09-10 16:08:00,97105.66
2026-09-10 16:09:00,97105.66
2026-09-10 16:10:00,97105.66
2026-09-10 16:11:00,97105.66
2026-09-10 16:12:00,97105.66
2026-09-10 16:13:00,97105.66
2026-09-10 16:14:00,97105.66
2026-09-10 16:15:00,97105.66
2026-09-10 16:16:00,97105.66
2026-09-10 16:17:00,97105.66
2026-09-10 16:18:00,97105.66
2026-09-10 16:19:00,97105.66
2026-09-10 16:20:00,97105.66
2026-09-10 16:21:00,97105.66
2026-09-10 16:22:00,97105.66
2026-09-10 16:23:00,97105.66
2026-09-10 16:24:00,97105.66
2026-09-10 16:25:00,97105.66
2026-09-10 16:26:00,97105.66
2026-09-10 16:27:00,97105.66
2026-09-10 16:29:00,97105.66
2026-09-10 16:30:00,97105.66
2026-09-10 16:31:00,97105.66
2026-09-10 16:32:00,97105.66
2026-09-10 16:33:00,97105.66
2026-09-10 16:34:00,97105.66
2026-09-10 16:35:00,97105.66
2026-09-10 16:36:00,97105.66
2026-09-10 16:37:00,97105.66
2026-09-10 16:38:00,97105.66
2026-09-10 16:39:00,97105.66
2026-09-10 16:40:00,97105.66
2026-09-10 16:41:00,97105.66
2026-09-10 16:42:00,97105.66
2026-09-10 16:43:00,97105.66
2026-09-10 16:44:00,97105.66
2026-09-10 16:45:00,97105.66
2026-09-10 16:46:00,97105.66
2026-09-10 16:47:00,97105.66
2026-09-10 16:48:00,97105.66
2026-09-10 16:49:00,97105.66
2026-09-10 16:50:00,97105.66
2026-09-10 16:52:00,97105.66
2026-09-10 16:53:00,97105.66
2026-09-10 16:54:00,97105.66
2026-09-10 16:56:00,97105.66
2026-09-10 16:57:00,97105.66
2026-09-10 16:58:00,97105.66
2026-09-10 16:59:00,97105.66
2026-09-10 17:00:00,97105.66
2026-09-10 17:01:00,97105.66
2026-09-10 17:02:00,97105.66
2026-09-10 17:03:00,97105.66
2026-09-10 17:04:00,97105.66
2026-09-10 17:05:00,97105.66
2026-09-10 17:06:00,97105.66
2026-09-10 17:07:00,97105.66
2026-09-10 17:08:00,97105.66
2026-09-10 17:09:00,97105.66
2026-09-10 17:10:00,97105.66
2026-09-10 17:11:00,97105.66
2026-09-10 17:12:00,97105.66
2026-09-10 17:13:00,97105.66
2026-09-10 17:14:00,97105.66
2026-09-10 17:15:00,97105.66
2026-09-10 17:16:00,97105.66
2026-09-10 17:17:00,97105.66
2026-09-10 17:18:00,97105.66
2026-09-10 17:19:00,97105.66
2026-09-10 17:20:00,97105.66
2026-09-10 17:21:00,97105.66
2026-09-10 17:22:00,97105.66
2026-09-10 17:23:00,97105.66
2026-09-10 17:24:00,97105.66
2026-09-10 17:25:00,97105.66
2026-09-10 17:26:00,97105.66
2026-09-10 17:27:00,97105.66
2026-09-10 17:28:00,97105.66
2026-09-10 17:29:00,97105.66
2026-09-10 17:30:00,97105.66
2026-09-10 17:32:00,97105.66
2026-09-10 17:33:00,97105.66
2026-09-10 17:34:00,97105.66
2026-09-10 17:35:00,97105.66
2026-09-10 17:36:00,97105.66
2026-09-10 17:37:00,97105.66
2026-09-10 17:38:00,97105.66
2026-09-10 17:39:00,97105.66
2026-09-10 17:40:00,97105.66
2026-09-10 17:41:00,97105.66
2026-09-10 17:42:00,97105.66
2026-09-10 17:43:00,97105.66
2026-09-10 17:44:00,97105.66
2026-09-10 17:45:00,97105.66
2026-09-10 17:46:00,97105.66
2026-09-10 17:47:00,97105.66
2026-09-10 17:48:00,97105.66
2026-09-10 17:49:00,97105.66
2026-09-10 17:51:00,97105.66
2026-09-10 17:52:00,97105.66
2026-09-10 17:55:00,97105.66
2026-09-10 17:56:00,97105.66
2026-09-10 17:57:00,97105.66
2026-09-10 18:00:00,97105.66
2026-09-10 18:01:00,97105.66
2026-09-10 18:02:00,97105.66
2026-09-10 18:03:00,97105.66
2026-09-10 18:04:00,97105.66
2026-09-10 18:06:00,97105.66
2026-09-10 18:07:00,97105.66
2026-09-10 18:08:00,97105.66
2026-09-10 18:09:00,97105.66
2026-09-10 18:10:00,97105.66
2026-09-10 18:11:00,97105.66
2026-09-10 18:12:00,97105.66
2026-09-10 18:13:00,97105.66
2026-09-10 18:14:00,97105.66
2026-09-10 18:15:00,97105.66
2026-09-10 18:16:00,97105.66
2026-09-10 18:17:00,97105.66
2026-09-10 18:19:00,97105.66
2026-09-10 18:20:00,97105.66
2026-09-10 18:21:00,97105.66
2026-09-10 18:22:00,97105.66
2026-09-10 18:23:00,97105.66
2026-09-10 18:24:00,97105.66
2026-09-10 18:25:00,97105.66
2026-09-10 18:26:00,97105.66
2026-09-10 18:27:00,97105.66
2026-09-10 18:28:00,97105.66
2026-09-10 18:29:00,97105.66
2026-09-10 18:30:00,97105.66
2026-09-10 18:31:00,97105.66
2026-09-10 18:32:00,97105.66
2026-09-10 18:33:00,97105.66
2026-09-10 18:34:00,97105.66
2026-09-10 18:35:00,97105.66
2026-09-10 18:36:00,97105.66
2026-09-10 18:37:00,97105.66
2026-09-10 18:38:00,97105.66
2026-09-10 18:39:00,97105.66
2026-09-10 18:40:00,97105.66
2026-09-10 18:41:00,97105.66
2026-09-10 18:42:00,97105.66
2026-09-10 18:43:00,97105.66
2026-09-10 18:44:00,97105.66
2026-09-10 18:45:00,97105.66
2026-09-10 18:46:00,97105.66
2026-09-10 18:47:00,97105.66
2026-09-10 18:48:00,97105.66
2026-09-10 18:49:00,97105.66
2026-09-10 18:50:00,97105.66
2026-09-10 18:52:00,97105.66
2026-09-10 18:53:00,97105.66
2026-09-10 18:54:00,97105.66
2026-09-10 18:55:00,97105.66
2026-09-10 18:56:00,97105.66
2026-09-10 18:57:00,97105.66
2026-09-10 18:58:00,97105.66
2026-09-10 18:59:00,97105.66
2026-09-10 19:00:00,97105.66
2026-09-10 19:01:00,97105.66
2026-09-10 19:02:00,97105.66
2026-09-10 19:03:00,97105.66
2026-09-10 19:05:00,97105.66
2026-09-10 19:06:00,97105.66
2026-09-10 19:08:00,97105.66
2026-09-10 19:09:00,97105.66
2026-09-10 19:10:00,97105.66
2026-09-10 19:11:00,97105.66
2026-09-10 19:12:00,97105.66
2026-09-10 19:13:00,97105.66
2026-09-10 19:14:00,97105.66
2026-09-10 19:15:00,97105.66
2026-09-10 19:16:00,97105.66
2026-09-10 19:17:00,97105.66
2026-09-10 19:18:00,97105.66
2026-09-10 19:21:00,97105.66
2026-09-10 19:22:00,97105.66
2026-09-10 19:24:00,97105.66
2026-09-10 19:25:00,97105.66
2026-09-10 19:26:00,97105.66
2026-09-10 19:29:00,97105.66
2026-09-10 19:31:00,97105.66
2026-09-10 19:32:00,97105.66
2026-09-10 19:33:00,97105.66
2026-09-10 19:34:00,97105.66
2026-09-10 19:35:00,97105.66
2026-09-10 19:36:00,97105.66
2026-09-10 19:37:00,97105.66
2026-09-10 19:38:00,97105.66
2026-09-10 19:39:00,97105.66
2026-09-10 19:41:00,97105.66
2026-09-10 19:42:00,97105.66
2026-09-10 19:43:00,97105.66
2026-09-10 19:44:00,97105.66
2026-09-10 19:45:00,97105.66
2026-09-10 19:46:00,97105.66
2026-09-10 19:47:00,97105.66
2026-09-10 19:48:00,97105.66
2026-09-10 19:49:00,97105.66
2026-09-10 19:50:00,97105.66
2026-09-10 19:51:00,97105.66
2026-09-10 19:52:00,97105.66
2026-09-10 19:53:00,97105.66
2026-09-10 19:54:00,97105.66
2026-09-10 19:55:00,97105.66
2026-09-10 19:56:00,97105.66
2026-09-10 19:57:00,97105.66
2026-09-10 19:58:00,97105.66
2026-09-10 19:59:00,97105.66
2026-09-11 04:00:00,97105.66
2026-09-11 04:01:00,97105.66
2026-09-11 04:02:00,97145.66
2026-09-11 04:03:00,97134.05
2026-09-11 04:04:00,97130.18
2026-09-11 04:05:00,97117.28
2026-09-11 04:06:00,97064.39
2026-09-11 04:07:00,97117.28
2026-09-11 04:08:00,97101.80
2026-09-11 04:09:00,97078.58
2026-09-11 04:10:00,97119.86
2026-09-11 04:11:00,97068.26
2026-09-11 04:12:00,97089.15
2026-09-11 04:13:00,97125.02
2026-09-11 04:14:00,97145.66
2026-09-11 04:15:00,97122.44
2026-09-11 04:16:00,97132.76
2026-09-11 04:17:00,97181.78
2026-09-11 04:18:00,97175.33
2026-09-11 04:19:00,97158.56
2026-09-11 04:21:00,97163.72
2026-09-11 04:23:00,97177.91
2026-09-11 04:24:00,97257.89
2026-09-11 04:25:00,97243.70
2026-09-11 04:26:00,97229.51
2026-09-11 04:27:00,97205.00
2026-09-11 04:28:00,97197.26
2026-09-11 04:29:00,97193.39
2026-09-11 04:30:00,97220.48
2026-09-11 04:31:00,97322.39
2026-09-11 04:32:00,97318.52
2026-09-11 04:33:00,97318.52
2026-09-11 04:34:00,97321.10
2026-09-11 04:35:00,97292.72
2026-09-11 04:36:00,97287.56
2026-09-11 04:39:00,97274.66
2026-09-11 04:40:00,97284.98
2026-09-11 04:41:00,97294.01
2026-09-11 04:42:00,97284.98
2026-09-11 04:43:00,97284.98
2026-09-11 04:44:00,97263.05
2026-09-11 04:45:00,97292.72
2026-09-11 04:46:00,97308.20
2026-09-11 04:47:00,97297.88
2026-09-11 04:48:00,97318.52
2026-09-11 04:49:00,97304.33
2026-09-11 04:50:00,97313.36
2026-09-11 04:51:00,97339.16
2026-09-11 04:52:00,97336.58
2026-09-11 04:53:00,97352.06
2026-09-11 04:54:00,97339.16
2026-09-11 04:55:00,97326.26
2026-09-11 04:56:00,97348.19
2026-09-11 04:57:00,97348.19
2026-09-11 04:58:00,97364.96
2026-09-11 04:59:00,97367.54
2026-09-11 05:00:00,97388.78
2026-09-11 05:01:00,97390.76
2026-09-11 05:02:00,97362.38
2026-09-11 05:03:00,97341.80
2026-09-11 05:04:00,97345.61
2026-09-11 05:05:00,97344.32
2026-09-11 05:06:00,97320.01
2026-09-11 05:07:00,97320.01
2026-09-11 05:08:00,97320.01
2026-09-11 05:09:00,97320.01
2026-09-11 05:10:00,97320.01
2026-09-11 05:11:00,97320.01
2026-09-11 05:12:00,97320.01
2026-09-11 05:14:00,97320.01
2026-09-11 05:15:00,97320.01
2026-09-11 05:16:00,97320.01
2026-09-11 05:18:00,97320.01
2026-09-11 05:20:00,97320.01
2026-09-11 05:27:00,97320.01
2026-09-11 05:28:00,97320.01
2026-09-11 05:29:00,97320.01
2026-09-11 05:30:00,97320.01
2026-09-11 05:31:00,97320.01
2026-09-11 05:32:00,97320.01
2026-09-11 05:33:00,97320.01
2026-09-11 05:35:00,97320.01
2026-09-11 05:36:00,97320.01
2026-09-11 05:37:00,97320.01
2026-09-11 05:39:00,97320.01
2026-09-11 05:40:00,97320.01
2026-09-11 05:41:00,97320.01
2026-09-11 05:42:00,97320.01
2026-09-11 05:43:00,97320.01
2026-09-11 05:44:00,97320.01
2026-09-11 05:45:00,97320.01
2026-09-11 05:46:00,97320.01
2026-09-11 05:50:00,97320.01
2026-09-11 05:51:00,97320.01
2026-09-11 05:52:00,97320.01
2026-09-11 05:53:00,97320.01
2026-09-11 05:54:00,97320.01
2026-09-11 05:56:00,97320.01
2026-09-11 05:57:00,97320.01
2026-09-11 05:58:00,97320.01
2026-09-11 05:59:00,97320.01
2026-09-11 06:00:00,97320.01
2026-09-11 06:01:00,97320.01
2026-09-11 06:02:00,97320.01
2026-09-11 06:03:00,97320.01
2026-09-11 06:04:00,97304.51
2026-09-11 06:05:00,97267.10
2026-09-11 06:07:00,97276.13
2026-09-11 06:08:00,97286.45
2026-09-11 06:09:00,97281.29
2026-09-11 06:10:00,97289.03
2026-09-11 06:11:00,97287.74
2026-09-11 06:12:00,97249.73
2026-09-11 06:13:00,97249.73
2026-09-11 06:14:00,97249.73
2026-09-11 06:15:00,97249.73
2026-09-11 06:16:00,97249.73
2026-09-11 06:17:00,97249.73
2026-09-11 06:18:00,97249.73
2026-09-11 06:19:00,97249.73
2026-09-11 06:20:00,97249.73
2026-09-11 06:21:00,97249.73
2026-09-11 06:22:00,97249.73
2026-09-11 06:23:00,97249.73
2026-09-11 06:24:00,97249.73
2026-09-11 06:25:00,97249.73
2026-09-11 06:26:00,97249.73
2026-09-11 06:27:00,97249.73
2026-09-11 06:28:00,97249.73
2026-09-11 06:29:00,97249.73
2026-09-11 06:30:00,97249.73
2026-09-11 06:31:00,97249.73
2026-09-11 06:32:00,97249.73
2026-09-11 06:33:00,97249.73
2026-09-11 06:34:00,97249.73
2026-09-11 06:35:00,97249.73
2026-09-11 06:36:00,97249.73
2026-09-11 06:37:00,97249.73
2026-09-11 06:38:00,97249.73
2026-09-11 06:40:00,97249.73
2026-09-11 06:41:00,97249.73
2026-09-11 06:42:00,97249.73
2026-09-11 06:43:00,97249.73
2026-09-11 06:44:00,97249.73
2026-09-11 06:45:00,97249.73
2026-09-11 06:46:00,97249.73
2026-09-11 06:47:00,97249.73
2026-09-11 06:48:00,97249.73
2026-09-11 06:49:00,97249.73
2026-09-11 06:50:00,97249.73
2026-09-11 06:51:00,97249.73
2026-09-11 06:52:00,97249.73
2026-09-11 06:53:00,97249.73
2026-09-11 06:54:00,97249.73
2026-09-11 06:55:00,97249.73
2026-09-11 06:56:00,97249.73
2026-09-11 06:57:00,97249.73
2026-09-11 06:58:00,97249.73
2026-09-11 06:59:00,97249.73
2026-09-11 07:00:00,97249.73
2026-09-11 07:01:00,97249.73
2026-09-11 07:02:00,97249.73
2026-09-11 07:03:00,97249.73
2026-09-11 07:04:00,97249.73
2026-09-11 07:05:00,97249.73
2026-09-11 07:06:00,97249.73
2026-09-11 07:07:00,97249.73
2026-09-11 07:08:00,97249.73
2026-09-11 07:09:00,97249.73
2026-09-11 07:10:00,97249.73
2026-09-11 07:11:00,97249.73
2026-09-11 07:12:00,97249.73
2026-09-11 07:13:00,97249.73
2026-09-11 07:14:00,97249.73
2026-09-11 07:15:00,97249.73
2026-09-11 07:16:00,97249.73
2026-09-11 07:17:00,97249.73
2026-09-11 07:18:00,97249.73
2026-09-11 07:19:00,97249.73
2026-09-11 07:20:00,97249.73
2026-09-11 07:21:00,97249.73
2026-09-11 07:22:00,97249.73
2026-09-11 07:23:00,97249.73
2026-09-11 07:24:00,97249.73
2026-09-11 07:25:00,97249.73
2026-09-11 07:26:00,97249.73
2026-09-11 07:27:00,97249.73
2026-09-11 07:28:00,97249.73
2026-09-11 07:29:00,97249.73
2026-09-11 07:30:00,97249.73
2026-09-11 07:31:00,97249.73
2026-09-11 07:32:00,97249.73
2026-09-11 07:33:00,97249.73
2026-09-11 07:34:00,97249.73
2026-09-11 07:35:00,97249.73
2026-09-11 07:36:00,97249.73
2026-09-11 07:37:00,97249.73
2026-09-11 07:38:00,97249.73
2026-09-11 07:39:00,97249.73
2026-09-11 07:40:00,97249.73
2026-09-11 07:41:00,97249.73
2026-09-11 07:42:00,97249.73
2026-09-11 07:43:00,97249.73
2026-09-11 07:44:00,97248.43
2026-09-11 07:45:00,97253.59
2026-09-11 07:46:00,97245.85
2026-09-11 07:47:00,97225.21
2026-09-11 07:48:00,97243.27
2026-09-11 07:49:00,97274.23
2026-09-11 07:50:00,97262.36
2026-09-11 07:51:00,97253.59
2026-09-11 07:52:00,97258.75
2026-09-11 07:53:00,97245.85
2026-09-11 07:54:00,97238.32
2026-09-11 07:55:00,97240.04
2026-09-11 07:56:00,97243.28
2026-09-11 07:57:00,97257.51
2026-09-11 07:58:00,97235.68
2026-09-11 07:59:00,97215.40
2026-09-11 08:00:00,97215.40
2026-09-11 08:01:00,97215.40
2026-09-11 08:02:00,97215.40
2026-09-11 08:03:00,97215.40
2026-09-11 08:04:00,97215.40
2026-09-11 08:05:00,97215.40
2026-09-11 08:06:00,97215.40
2026-09-11 08:07:00,97215.40
2026-09-11 08:08:00,97215.40
2026-09-11 08:09:00,97215.40
2026-09-11 08:10:00,97215.40
2026-09-11 08:11:00,97215.40
2026-09-11 08:12:00,97215.40
2026-09-11 08:13:00,97215.40
2026-09-11 08:14:00,97215.40
2026-09-11 08:15:00,97215.40
2026-09-11 08:16:00,97215.40
2026-09-11 08:17:00,97215.40
2026-09-11 08:18:00,97205.06
2026-09-11 08:19:00,97196.03
2026-09-11 08:20:00,97205.06
2026-09-11 08:21:00,97205.06
2026-09-11 08:22:00,97196.03
2026-09-11 08:23:00,97201.19
2026-09-11 08:24:00,97163.78
2026-09-11 08:25:00,97185.71
2026-09-11 08:26:00,97252.79
2026-09-11 08:27:00,97272.14
2026-09-11 08:28:00,97250.21
2026-09-11 08:29:00,97326.32
2026-09-11 08:30:00,97201.02
2026-09-11 08:31:00,97201.02
2026-09-11 08:32:00,97201.02
2026-09-11 08:33:00,97201.02
2026-09-11 08:34:00,97201.02
2026-09-11 08:35:00,97201.02
2026-09-11 08:36:00,97201.02
2026-09-11 08:37:00,97201.02
2026-09-11 08:38:00,97201.02
2026-09-11 08:39:00,97201.02
2026-09-11 08:40:00,97201.02
2026-09-11 08:41:00,97201.02
2026-09-11 08:42:00,97201.02
2026-09-11 08:43:00,97201.02
2026-09-11 08:44:00,97201.02
2026-09-11 08:45:00,97201.02
2026-09-11 08:46:00,97201.02
2026-09-11 08:47:00,97201.02
2026-09-11 08:48:00,97201.02
2026-09-11 08:49:00,97201.02
2026-09-11 08:50:00,97239.68
2026-09-11 08:51:00,97246.13
2026-09-11 08:52:00,97283.54
2026-09-11 08:53:00,97311.92
2026-09-11 08:54:00,97315.60
2026-09-11 08:55:00,97354.49
2026-09-11 08:56:00,97341.59
2026-09-11 08:57:00,97379.08
2026-09-11 08:58:00,97416.41
2026-09-11 08:59:00,97415.12
2026-09-11 09:00:00,97476.40
2026-09-11 09:01:00,97466.40
2026-09-11 09:02:00,97443.50
2026-09-11 09:03:00,97430.60
2026-09-11 09:04:00,97413.83
2026-09-11 09:05:00,97428.02
2026-09-11 09:06:00,97444.79
2026-09-11 09:07:00,97399.64
2026-09-11 09:08:00,97382.20
2026-09-11 09:09:00,97358.36
2026-09-11 09:10:00,97357.07
2026-09-11 09:11:00,97336.22
2026-09-11 09:12:00,97336.22
2026-09-11 09:13:00,97336.22
2026-09-11 09:14:00,97336.22
2026-09-11 09:15:00,97336.22
2026-09-11 09:16:00,97336.22
2026-09-11 09:17:00,97336.22
2026-09-11 09:18:00,97336.22
2026-09-11 09:19:00,97336.22
2026-09-11 09:20:00,97336.22
2026-09-11 09:21:00,97336.22
2026-09-11 09:22:00,97336.22
2026-09-11 09:23:00,97336.22
2026-09-11 09:24:00,97336.22
2026-09-11 09:25:00,97336.22
2026-09-11 09:26:00,97336.22
2026-09-11 09:27:00,97336.22
2026-09-11 09:28:00,97336.22
2026-09-11 09:29:00,97336.22
2026-09-11 09:30:00,97336.22
2026-09-11 09:31:00,97336.22
2026-09-11 09:32:00,97336.22
2026-09-11 09:33:00,97336.22
2026-09-11 09:34:00,97336.22
2026-09-11 09:35:00,97336.22
2026-09-11 09:36:00,97336.22
2026-09-11 09:37:00,97336.22
2026-09-11 09:38:00,97336.22
2026-09-11 09:39:00,97336.22
2026-09-11 09:40:00,97336.22
2026-09-11 09:41:00,97336.22
2026-09-11 09:42:00,97336.22
2026-09-11 09:43:00,97336.22
2026-09-11 09:44:00,97336.22
2026-09-11 09:45:00,97336.22
2026-09-11 09:46:00,97336.22
2026-09-11 09:47:00,97336.22
2026-09-11 09:48:00,97336.22
2026-09-11 09:49:00,97336.22
2026-09-11 09:50:00,97336.22
2026-09-11 09:51:00,97336.22
2026-09-11 09:52:00,97336.22
2026-09-11 09:53:00,97336.22
2026-09-11 09:54:00,97336.22
2026-09-11 09:55:00,97336.22
2026-09-11 09:56:00,97336.22
2026-09-11 09:57:00,97336.22
2026-09-11 09:58:00,97336.22
2026-09-11 09:59:00,97336.22
2026-09-11 10:00:00,97336.22
2026-09-11 10:01:00,97336.22
2026-09-11 10:02:00,97336.22
2026-09-11 10:03:00,97336.22
2026-09-11 10:04:00,97336.22
2026-09-11 10:05:00,97336.22
2026-09-11 10:06:00,97336.22
2026-09-11 10:07:00,97336.22
2026-09-11 10:08:00,97336.22
2026-09-11 10:09:00,97336.22
2026-09-11 10:10:00,97336.22
2026-09-11 10:11:00,97336.22
2026-09-11 10:12:00,97336.22
2026-09-11 10:13:00,97336.22
2026-09-11 10:14:00,97336.22
2026-09-11 10:15:00,97336.22
2026-09-11 10:16:00,97336.22
2026-09-11 10:17:00,97336.22
2026-09-11 10:18:00,97336.22
2026-09-11 10:19:00,97336.22
2026-09-11 10:20:00,97336.22
2026-09-11 10:21:00,97336.22
2026-09-11 10:22:00,97336.22
2026-09-11 10:23:00,97336.22
2026-09-11 10:24:00,97336.22
2026-09-11 10:25:00,97336.22
2026-09-11 10:26:00,97336.22
2026-09-11 10:27:00,97336.22
2026-09-11 10:28:00,97336.22
2026-09-11 10:29:00,97336.22
2026-09-11 10:30:00,97336.22
2026-09-11 10:31:00,97336.22
2026-09-11 10:32:00,97336.22
2026-09-11 10:33:00,97336.22
2026-09-11 10:34:00,97336.22
2026-09-11 10:35:00,97336.22
2026-09-11 10:36:00,97336.22
2026-09-11 10:37:00,97336.22
2026-09-11 10:38:00,97336.22
2026-09-11 10:39:00,97336.22
2026-09-11 10:40:00,97336.22
2026-09-11 10:41:00,97336.22
2026-09-11 10:42:00,97336.22
2026-09-11 10:43:00,97336.22
2026-09-11 10:44:00,97336.22
2026-09-11 10:45:00,97336.22
2026-09-11 10:46:00,97336.22
2026-09-11 10:47:00,97336.22
2026-09-11 10:48:00,97336.22
2026-09-11 10:49:00,97336.22
2026-09-11 10:50:00,97336.22
2026-09-11 10:51:00,97336.22
2026-09-11 10:52:00,97336.22
2026-09-11 10:53:00,97336.22
2026-09-11 10:54:00,97336.22
2026-09-11 10:55:00,97336.22
2026-09-11 10:56:00,97336.22
2026-09-11 10:57:00,97336.22
2026-09-11 10:58:00,97336.22
2026-09-11 10:59:00,97336.22
2026-09-11 11:00:00,97336.22
2026-09-11 11:01:00,97336.22
2026-09-11 11:02:00,97336.22
2026-09-11 11:03:00,97336.22
2026-09-11 11:04:00,97336.22
2026-09-11 11:05:00,97336.22
2026-09-11 11:06:00,97336.22
2026-09-11 11:07:00,97336.22
2026-09-11 11:08:00,97336.22
2026-09-11 11:09:00,97336.22
2026-09-11 11:10:00,97336.22
2026-09-11 11:11:00,97336.22
2026-09-11 11:12:00,97336.22
2026-09-11 11:13:00,97336.22
2026-09-11 11:14:00,97336.22
2026-09-11 11:15:00,97336.22
2026-09-11 11:16:00,97336.22
2026-09-11 11:17:00,97336.22
2026-09-11 11:18:00,97336.22
2026-09-11 11:19:00,97336.22
2026-09-11 11:20:00,97336.22
2026-09-11 11:21:00,97336.22
2026-09-11 11:22:00,97336.22
2026-09-11 11:23:00,97336.22
2026-09-11 11:24:00,97336.22
2026-09-11 11:25:00,97336.22
2026-09-11 11:26:00,97336.22
2026-09-11 11:27:00,97366.85
2026-09-11 11:28:00,97346.37
2026-09-11 11:29:00,97345.09
2026-09-11 11:30:00,97357.89
2026-09-11 11:31:00,97352.77
2026-09-11 11:32:00,97369.41
2026-09-11 11:33:00,97350.21
2026-09-11 11:34:00,97348.93
2026-09-11 11:35:00,97313.09
2026-09-11 11:36:00,97318.21
2026-09-11 11:37:00,97295.17
2026-09-11 11:38:00,97291.33
2026-09-11 11:39:00,97318.21
2026-09-11 11:40:00,97309.25
2026-09-11 11:41:00,97307.97
2026-09-11 11:42:00,97300.29
2026-09-11 11:43:00,97332.29
2026-09-11 11:44:00,97325.89
2026-09-11 11:45:00,97302.85
2026-09-11 11:46:00,97309.25
2026-09-11 11:47:00,97295.17
2026-09-11 11:48:00,97265.70
2026-09-11 11:49:00,97265.70
2026-09-11 11:50:00,97265.70
2026-09-11 11:51:00,97265.70
2026-09-11 11:52:00,97265.70
2026-09-11 11:53:00,97265.70
2026-09-11 11:54:00,97265.70
2026-09-11 11:55:00,97265.70
2026-09-11 11:56:00,97265.70
2026-09-11 11:57:00,97265.70
2026-09-11 11:58:00,97265.70
2026-09-11 11:59:00,97265.70
2026-09-11 12:00:00,97265.70
2026-09-11 12:01:00,97265.70
2026-09-11 12:02:00,97265.70
2026-09-11 12:03:00,97265.70
2026-09-11 12:04:00,97265.70
2026-09-11 12:05:00,97265.70
2026-09-11 12:06:00,97265.70
2026-09-11 12:07:00,97265.70
2026-09-11 12:08:00,97265.70
2026-09-11 12:09:00,97265.70
2026-09-11 12:10:00,97265.70
2026-09-11 12:11:00,97265.70
2026-09-11 12:12:00,97265.70
2026-09-11 12:13:00,97265.70
2026-09-11 12:14:00,97265.70
2026-09-11 12:15:00,97265.70
2026-09-11 12:16:00,97265.70
2026-09-11 12:17:00,97265.70
2026-09-11 12:18:00,97265.70
2026-09-11 12:19:00,97265.70
2026-09-11 12:20:00,97265.70
2026-09-11 12:21:00,97265.70
2026-09-11 12:22:00,97265.70
2026-09-11 12:23:00,97265.70
2026-09-11 12:24:00,97265.70
2026-09-11 12:25:00,97265.70
2026-09-11 12:26:00,97265.70
2026-09-11 12:27:00,97265.70
2026-09-11 12:28:00,97265.70
2026-09-11 12:29:00,97265.70
2026-09-11 12:30:00,97265.70
2026-09-11 12:31:00,97265.70
2026-09-11 12:32:00,97265.70
2026-09-11 12:33:00,97265.70
2026-09-11 12:34:00,97265.70
2026-09-11 12:35:00,97265.70
2026-09-11 12:36:00,97265.70
2026-09-11 12:37:00,97265.70
2026-09-11 12:38:00,97265.70
2026-09-11 12:39:00,97265.70
2026-09-11 12:40:00,97265.70
2026-09-11 12:41:00,97265.70
2026-09-11 12:42:00,97265.70
2026-09-11 12:43:00,97265.70
2026-09-11 12:44:00,97265.70
2026-09-11 12:45:00,97265.70
2026-09-11 12:46:00,97265.70
2026-09-11 12:47:00,97265.70
2026-09-11 12:48:00,97265.70
2026-09-11 12:49:00,97265.70
2026-09-11 12:50:00,97265.70
2026-09-11 12:51:00,97265.70
2026-09-11 12:52:00,97265.70
2026-09-11 12:53:00,97265.70
2026-09-11 12:54:00,97265.70
2026-09-11 12:55:00,97265.70
2026-09-11 12:56:00,97265.70
2026-09-11 12:57:00,97265.70
2026-09-11 12:58:00,97265.70
2026-09-11 12:59:00,97265.70
2026-09-11 13:00:00,97265.70
2026-09-11 13:01:00,97265.70
2026-09-11 13:02:00,97265.70
2026-09-11 13:03:00,97265.70
2026-09-11 13:04:00,97265.70
2026-09-11 13:05:00,97265.70
2026-09-11 13:06:00,97265.70
2026-09-11 13:07:00,97265.70
2026-09-11 13:08:00,97265.70
2026-09-11 13:09:00,97265.70
2026-09-11 13:10:00,97265.70
2026-09-11 13:11:00,97265.70
2026-09-11 13:12:00,97265.70
2026-09-11 13:13:00,97265.70
2026-09-11 13:14:00,97265.70
2026-09-11 13:15:00,97265.70
2026-09-11 13:16:00,97265.70
2026-09-11 13:17:00,97265.70
2026-09-11 13:18:00,97265.70
2026-09-11 13:19:00,97265.70
2026-09-11 13:20:00,97265.70
2026-09-11 13:21:00,97265.70
2026-09-11 13:22:00,97265.70
2026-09-11 13:23:00,97265.70
2026-09-11 13:24:00,97265.60
2026-09-11 13:25:00,97259.20
2026-09-11 13:26:00,97266.88
2026-09-11 13:27:00,97254.08
2026-09-11 13:28:00,97237.44
2026-09-11 13:29:00,97231.68
2026-09-11 13:30:00,97244.48
2026-09-11 13:31:00,97265.60
2026-09-11 13:32:00,97236.83
2026-09-11 13:33:00,97234.88
2026-09-11 13:34:00,97231.04
2026-09-11 13:35:00,97231.04
2026-09-11 13:36:00,97241.28
2026-09-11 13:37:00,97241.28
2026-09-11 13:38:00,97233.60
2026-09-11 13:39:00,97223.36
2026-09-11 13:40:00,97243.84
2026-09-11 13:41:00,97227.20
2026-09-11 13:42:00,97229.12
2026-09-11 13:43:00,97245.45
2026-09-11 13:44:00,97231.04
2026-09-11 13:45:00,97231.04
2026-09-11 13:46:00,97232.32
2026-09-11 13:47:00,97231.04
2026-09-11 13:48:00,97213.12
2026-09-11 13:49:00,97198.95
2026-09-11 13:50:00,97198.95
2026-09-11 13:51:00,97198.95
2026-09-11 13:52:00,97198.95
2026-09-11 13:53:00,97198.95
2026-09-11 13:54:00,97198.95
2026-09-11 13:55:00,97198.95
2026-09-11 13:56:00,97198.95
2026-09-11 13:57:00,97198.95
2026-09-11 13:58:00,97198.95
2026-09-11 13:59:00,97198.95
2026-09-11 14:00:00,97198.95
2026-09-11 14:01:00,97198.95
2026-09-11 14:02:00,97198.95
2026-09-11 14:03:00,97198.95
2026-09-11 14:04:00,97198.95
2026-09-11 14:05:00,97198.95
2026-09-11 14:06:00,97198.95
2026-09-11 14:07:00,97198.95
2026-09-11 14:08:00,97198.95
2026-09-11 14:09:00,97198.95
2026-09-11 14:10:00,97198.95
2026-09-11 14:11:00,97198.95
2026-09-11 14:12:00,97198.95
2026-09-11 14:13:00,97198.95
2026-09-11 14:14:00,97198.95
2026-09-11 14:15:00,97198.95
2026-09-11 14:16:00,97198.95
2026-09-11 14:17:00,97198.95
2026-09-11 14:18:00,97198.95
2026-09-11 14:19:00,97198.95
2026-09-11 14:20:00,97198.95
2026-09-11 14:21:00,97198.95
2026-09-11 14:22:00,97198.95
2026-09-11 14:23:00,97198.95
2026-09-11 14:24:00,97198.95
2026-09-11 14:25:00,97198.95
2026-09-11 14:26:00,97198.95
2026-09-11 14:27:00,97198.95
2026-09-11 14:28:00,97198.95
2026-09-11 14:29:00,97198.95
2026-09-11 14:30:00,97198.95
2026-09-11 14:31:00,97198.95
2026-09-11 14:32:00,97198.95
2026-09-11 14:33:00,97198.95
2026-09-11 14:34:00,97198.95
2026-09-11 14:35:00,97198.95
2026-09-11 14:36:00,97198.95
2026-09-11 14:37:00,97198.95
2026-09-11 14:38:00,97198.95
2026-09-11 14:39:00,97198.95
2026-09-11 14:40:00,97198.95
2026-09-11 14:41:00,97198.95
2026-09-11 14:42:00,97198.95
2026-09-11 14:43:00,97198.95
2026-09-11 14:44:00,97198.95
2026-09-11 14:45:00,97198.95
2026-09-11 14:46:00,97198.95
2026-09-11 14:47:00,97198.95
2026-09-11 14:48:00,97198.95
2026-09-11 14:49:00,97198.95
2026-09-11 14:50:00,97198.95
2026-09-11 14:51:00,97198.95
2026-09-11 14:52:00,97198.95
2026-09-11 14:53:00,97198.95
2026-09-11 14:54:00,97198.95
2026-09-11 14:55:00,97198.95
2026-09-11 14:56:00,97198.95
2026-09-11 14:57:00,97198.95
2026-09-11 14:58:00,97198.95
2026-09-11 14:59:00,97198.95
2026-09-11 15:00:00,97198.95
2026-09-11 15:01:00,97198.95
2026-09-11 15:02:00,97198.95
2026-09-11 15:03:00,97198.95
2026-09-11 15:04:00,97198.95
2026-09-11 15:05:00,97198.95
2026-09-11 15:06:00,97198.95
2026-09-11 15:07:00,97198.95
2026-09-11 15:08:00,97198.95
2026-09-11 15:09:00,97198.95
2026-09-11 15:10:00,97198.95
2026-09-11 15:11:00,97198.95
2026-09-11 15:12:00,97198.95
2026-09-11 15:13:00,97198.95
2026-09-11 15:14:00,97198.95
2026-09-11 15:15:00,97198.95
2026-09-11 15:16:00,97198.95
2026-09-11 15:17:00,97198.95
2026-09-11 15:18:00,97198.95
2026-09-11 15:19:00,97198.95
2026-09-11 15:20:00,97198.95
2026-09-11 15:21:00,97198.95
2026-09-11 15:22:00,97198.95
2026-09-11 15:23:00,97198.95
2026-09-11 15:24:00,97198.95
2026-09-11 15:25:00,97198.95
2026-09-11 15:26:00,97198.95
2026-09-11 15:27:00,97198.95
2026-09-11 15:28:00,97198.95
2026-09-11 15:29:00,97198.95
2026-09-11 15:30:00,97198.95
2026-09-11 15:31:00,97198.95
2026-09-11 15:32:00,97198.95
2026-09-11 15:33:00,97198.95
2026-09-11 15:34:00,97198.95
2026-09-11 15:35:00,97198.95
2026-09-11 15:36:00,97198.95
2026-09-11 15:37:00,97198.95
2026-09-11 15:38:00,97198.95
2026-09-11 15:39:00,97198.95
2026-09-11 15:40:00,97198.95
2026-09-11 15:41:00,97198.95
2026-09-11 15:42:00,97198.95
2026-09-11 15:43:00,97198.95
2026-09-11 15:44:00,97198.95
2026-09-11 15:45:00,97198.95
2026-09-11 15:46:00,97198.95
2026-09-11 15:47:00,97198.95
2026-09-11 15:48:00,97198.95
2026-09-11 15:49:00,97198.95
2026-09-11 15:50:00,97198.95
2026-09-11 15:51:00,97198.95
2026-09-11 15:52:00,97198.95
2026-09-11 15:53:00,97198.95
2026-09-11 15:54:00,97198.95
2026-09-11 15:55:00,97198.95
2026-09-11 15:56:00,97198.95
2026-09-11 15:57:00,97198.95
2026-09-11 15:58:00,97198.95
2026-09-11 15:59:00,97198.95
2026-09-11 16:00:00,97198.95
2026-09-11 16:01:00,97198.95
2026-09-11 16:02:00,97198.95
2026-09-11 16:03:00,97198.95
2026-09-11 16:04:00,97198.95
2026-09-11 16:05:00,97198.95
2026-09-11 16:06:00,97198.95
2026-09-11 16:07:00,97198.95
2026-09-11 16:08:00,97198.95
2026-09-11 16:09:00,97198.95
2026-09-11 16:10:00,97198.95
2026-09-11 16:11:00,97198.95
2026-09-11 16:12:00,97198.95
2026-09-11 16:13:00,97198.95
2026-09-11 16:14:00,97198.95
2026-09-11 16:15:00,97198.95
2026-09-11 16:16:00,97198.95
2026-09-11 16:17:00,97198.95
2026-09-11 16:18:00,97198.95
2026-09-11 16:19:00,97198.95
2026-09-11 16:20:00,97198.95
2026-09-11 16:21:00,97198.95
2026-09-11 16:22:00,97198.95
2026-09-11 16:23:00,97198.95
2026-09-11 16:24:00,97198.95
2026-09-11 16:25:00,97198.95
2026-09-11 16:26:00,97198.95
2026-09-11 16:27:00,97198.95
2026-09-11 16:28:00,97198.95
2026-09-11 16:29:00,97198.95
2026-09-11 16:30:00,97198.95
2026-09-11 16:31:00,97198.95
2026-09-11 16:32:00,97198.95
2026-09-11 16:33:00,97198.95
2026-09-11 16:34:00,97198.95
2026-09-11 16:35:00,97198.95
2026-09-11 16:36:00,97198.95
2026-09-11 16:37:00,97198.95
2026-09-11 16:38:00,97198.95
2026-09-11 16:39:00,97198.95
2026-09-11 16:40:00,97198.95
2026-09-11 16:41:00,97198.95
2026-09-11 16:42:00,97198.95
2026-09-11 16:43:00,97198.95
2026-09-11 16:44:00,97198.95
2026-09-11 16:45:00,97198.95
2026-09-11 16:46:00,97198.95
2026-09-11 16:47:00,97198.95
2026-09-11 16:48:00,97198.95
2026-09-11 16:49:00,97198.95
2026-09-11 16:50:00,97198.95
2026-09-11 16:51:00,97198.95
2026-09-11 16:52:00,97198.95
2026-09-11 16:53:00,97198.95
2026-09-11 16:54:00,97198.95
2026-09-11 16:55:00,97198.95
2026-09-11 16:56:00,97198.95
2026-09-11 16:57:00,97198.95
2026-09-11 16:58:00,97198.95
2026-09-11 16:59:00,97198.95
2026-09-11 17:00:00,97198.95
2026-09-11 17:01:00,97198.95
2026-09-11 17:02:00,97198.95
2026-09-11 17:04:00,97198.95
2026-09-11 17:05:00,97198.95
2026-09-11 17:07:00,97198.95
2026-09-11 17:08:00,97198.95
2026-09-11 17:09:00,97198.95
2026-09-11 17:11:00,97198.95
2026-09-11 17:14:00,97198.95
2026-09-11 17:18:00,97198.95
2026-09-11 17:19:00,97198.95
2026-09-11 17:21:00,97198.95
2026-09-11 17:22:00,97198.95
2026-09-11 17:23:00,97198.95
2026-09-11 17:24:00,97175.69
2026-09-11 17:25:00,97160.85
2026-09-11 17:26:00,97160.85
2026-09-11 17:27:00,97160.85
2026-09-11 17:28:00,97160.85
2026-09-11 17:29:00,97160.85
2026-09-11 17:30:00,97160.85
2026-09-11 17:32:00,97160.85
2026-09-11 17:34:00,97160.85
2026-09-11 17:37:00,97160.85
2026-09-11 17:38:00,97160.85
2026-09-11 17:39:00,97160.85
2026-09-11 17:40:00,97160.85
2026-09-11 17:41:00,97160.85
2026-09-11 17:42:00,97160.85
2026-09-11 17:43:00,97160.85
2026-09-11 17:45:00,97160.85
2026-09-11 17:47:00,97160.85
2026-09-11 17:48:00,97160.85
2026-09-11 17:49:00,97160.85
2026-09-11 17:50:00,97160.85
2026-09-11 17:51:00,97160.85
2026-09-11 17:54:00,97160.85
2026-09-11 17:58:00,97160.85
2026-09-11 17:59:00,97160.85
2026-09-11 18:00:00,97160.85
2026-09-11 18:02:00,97160.85
2026-09-11 18:03:00,97160.85
2026-09-11 18:04:00,97160.85
2026-09-11 18:05:00,97160.85
2026-09-11 18:08:00,97160.85
2026-09-11 18:09:00,97160.85
2026-09-11 18:10:00,97160.85
2026-09-11 18:11:00,97160.85
2026-09-11 18:12:00,97160.85
2026-09-11 18:13:00,97160.85
2026-09-11 18:15:00,97146.62
2026-09-11 18:16:00,97149.20
2026-09-11 18:17:00,97156.94
2026-09-11 18:18:00,97162.11
2026-09-11 18:19:00,97164.75
2026-09-11 18:20:00,97165.97
2026-09-11 18:21:00,97169.84
2026-09-11 18:22:00,97169.92
2026-09-11 18:23:00,97136.12
2026-09-11 18:24:00,97136.12
2026-09-11 18:26:00,97136.12
2026-09-11 18:29:00,97136.12
2026-09-11 18:30:00,97136.12
2026-09-11 18:31:00,97136.12
2026-09-11 18:32:00,97136.12
2026-09-11 18:33:00,97136.12
2026-09-11 18:34:00,97136.12
2026-09-11 18:35:00,97136.12
2026-09-11 18:36:00,97136.12
2026-09-11 18:37:00,97136.12
2026-09-11 18:38:00,97136.12
2026-09-11 18:39:00,97136.12
2026-09-11 18:40:00,97136.12
2026-09-11 18:41:00,97136.12
2026-09-11 18:42:00,97136.12
2026-09-11 18:43:00,97136.12
2026-09-11 18:44:00,97136.12
2026-09-11 18:47:00,97136.12
2026-09-11 18:48:00,97136.12
2026-09-11 18:50:00,97136.12
2026-09-11 18:51:00,97136.12
2026-09-11 18:52:00,97136.12
2026-09-11 18:54:00,97136.12
2026-09-11 18:56:00,97136.12
2026-09-11 18:58:00,97136.12
2026-09-11 18:59:00,97136.12
2026-09-11 19:01:00,97136.12
2026-09-11 19:03:00,97136.12
2026-09-11 19:04:00,97136.12
2026-09-11 19:11:00,97136.12
2026-09-11 19:18:00,97136.12
2026-09-11 19:20:00,97136.12
2026-09-11 19:21:00,97136.12
2026-09-11 19:22:00,97136.12
2026-09-11 19:23:00,97136.12
2026-09-11 19:24:00,97136.12
2026-09-11 19:25:00,97136.12
2026-09-11 19:28:00,97136.12
2026-09-11 19:32:00,97136.12
2026-09-11 19:33:00,97136.12
2026-09-11 19:34:00,97136.12
2026-09-11 19:35:00,97136.12
2026-09-11 19:36:00,97136.12
2026-09-11 19:37:00,97136.12
2026-09-11 19:39:00,97136.12
2026-09-11 19:40:00,97136.12
2026-09-11 19:44:00,97136.12
2026-09-11 19:45:00,97136.12
2026-09-11 19:46:00,97136.12
2026-09-11 19:47:00,97136.12
2026-09-11 19:48:00,97136.12
2026-09-11 19:49:00,97136.12
2026-09-11 19:51:00,97136.12
2026-09-11 19:52:00,97136.12
2026-09-11 19:53:00,97136.12
2026-09-11 19:56:00,97136.12
2026-09-11 19:57:00,97136.12
2026-09-11 19:58:00,97136.12
2026-09-11 19:59:00,97136.12
2026-09-14 04:00:00,97136.12
2026-09-14 04:01:00,97136.12
2026-09-14 04:02:00,97136.12
2026-09-14 04:03:00,97136.12
2026-09-14 04:04:00,97136.12
2026-09-14 04:05:00,97136.12
2026-09-14 04:06:00,97136.12
2026-09-14 04:07:00,97136.12
2026-09-14 04:08:00,97136.12
2026-09-14 04:09:00,97136.12
2026-09-14 04:10:00,97136.12
2026-09-14 04:11:00,97136.12
2026-09-14 04:12:00,97136.12
2026-09-14 04:13:00,97136.12
2026-09-14 04:14:00,97136.12
2026-09-14 04:15:00,97136.12
2026-09-14 04:16:00,97136.12
2026-09-14 04:17:00,97136.12
2026-09-14 04:18:00,97136.12
2026-09-14 04:19:00,97136.12
2026-09-14 04:20:00,97136.12
2026-09-14 04:21:00,97136.12
2026-09-14 04:22:00,97136.12
2026-09-14 04:23:00,97136.12
2026-09-14 04:24:00,97136.12
2026-09-14 04:25:00,97136.12
2026-09-14 04:26:00,97136.12
2026-09-14 04:27:00,97136.12
2026-09-14 04:28:00,97136.12
2026-09-14 04:29:00,97136.12
2026-09-14 04:30:00,97136.12
2026-09-14 04:31:00,97136.12
2026-09-14 04:32:00,97136.12
2026-09-14 04:33:00,97136.12
2026-09-14 04:34:00,97136.12
2026-09-14 04:35:00,97136.12
2026-09-14 04:36:00,97136.12
2026-09-14 04:37:00,97136.12
2026-09-14 04:38:00,97136.12
2026-09-14 04:39:00,97136.12
2026-09-14 04:40:00,97136.12
2026-09-14 04:41:00,97136.12
2026-09-14 04:42:00,97136.12
2026-09-14 04:43:00,97136.12
2026-09-14 04:44:00,97136.12
2026-09-14 04:45:00,97136.12
2026-09-14 04:46:00,97136.12
2026-09-14 04:47:00,97136.12
2026-09-14 04:48:00,97136.12
2026-09-14 04:49:00,97136.12
2026-09-14 04:50:00,97136.12
2026-09-14 04:51:00,97136.12
2026-09-14 04:52:00,97136.12
2026-09-14 04:53:00,97136.12
2026-09-14 04:54:00,97136.12
2026-09-14 04:55:00,97136.12
2026-09-14 04:56:00,97136.12
2026-09-14 04:57:00,97136.12
2026-09-14 04:58:00,97136.12
2026-09-14 04:59:00,97136.12
2026-09-14 05:00:00,97136.12
2026-09-14 05:01:00,97136.12
2026-09-14 05:02:00,97136.12
2026-09-14 05:03:00,97136.12
2026-09-14 05:04:00,97136.12
2026-09-14 05:05:00,97136.12
2026-09-14 05:06:00,97136.12
2026-09-14 05:07:00,97136.12
2026-09-14 05:08:00,97136.12
2026-09-14 05:09:00,97136.12
2026-09-14 05:10:00,97136.12
2026-09-14 05:11:00,97136.12
2026-09-14 05:12:00,97136.12
2026-09-14 05:13:00,97136.12
2026-09-14 05:14:00,97136.12
2026-09-14 05:15:00,97136.12
2026-09-14 05:16:00,97136.12
2026-09-14 05:17:00,97136.12
2026-09-14 05:18:00,97136.12
2026-09-14 05:19:00,97136.12
2026-09-14 05:20:00,97136.12
2026-09-14 05:21:00,97136.12
2026-09-14 05:22:00,97136.12
2026-09-14 05:23:00,97136.12
2026-09-14 05:24:00,97136.12
2026-09-14 05:25:00,97136.12
2026-09-14 05:26:00,97136.12
2026-09-14 05:27:00,97136.12
2026-09-14 05:28:00,97136.12
2026-09-14 05:29:00,97136.12
2026-09-14 05:30:00,97136.12
2026-09-14 05:31:00,97136.12
2026-09-14 05:32:00,97136.12
2026-09-14 05:33:00,97136.12
2026-09-14 05:34:00,97136.12
2026-09-14 05:35:00,97136.12
2026-09-14 05:36:00,97136.12
2026-09-14 05:37:00,97136.12
2026-09-14 05:38:00,97136.12
2026-09-14 05:39:00,97136.12
2026-09-14 05:40:00,97136.12
2026-09-14 05:41:00,97136.12
2026-09-14 05:42:00,97136.12
2026-09-14 05:43:00,97136.12
2026-09-14 05:44:00,97136.12
2026-09-14 05:45:00,97136.12
2026-09-14 05:46:00,97136.12
2026-09-14 05:47:00,97136.12
2026-09-14 05:48:00,97136.12
2026-09-14 05:49:00,97136.12
2026-09-14 05:50:00,97136.12
2026-09-14 05:51:00,97136.12
2026-09-14 05:52:00,97136.12
2026-09-14 05:53:00,97136.12
2026-09-14 05:54:00,97136.12
2026-09-14 05:55:00,97136.12
2026-09-14 05:56:00,97136.12
2026-09-14 05:57:00,97136.12
2026-09-14 05:58:00,97136.12
2026-09-14 05:59:00,97136.12
2026-09-14 06:00:00,97136.12
2026-09-14 06:01:00,97136.12
2026-09-14 06:02:00,97136.12
2026-09-14 06:03:00,97136.12
2026-09-14 06:04:00,97136.12
2026-09-14 06:05:00,97136.12
2026-09-14 06:06:00,97136.12
2026-09-14 06:07:00,97136.12
2026-09-14 06:08:00,97136.12
2026-09-14 06:09:00,97136.12
2026-09-14 06:10:00,97136.12
2026-09-14 06:11:00,97144.19
2026-09-14 06:12:00,97161.22
2026-09-14 06:13:00,97161.22
2026-09-14 06:14:00,97146.81
2026-09-14 06:15:00,97138.95
2026-09-14 06:16:00,97099.29
2026-09-14 06:17:00,97099.29
2026-09-14 06:18:00,97099.29
2026-09-14 06:19:00,97099.29
2026-09-14 06:20:00,97099.29
2026-09-14 06:21:00,97099.29
2026-09-14 06:22:00,97089.01
2026-09-14 06:23:00,97080.72
2026-09-14 06:24:00,97099.49
2026-09-14 06:25:00,97109.97
2026-09-14 06:26:00,97113.90
2026-09-14 06:27:00,97115.21
2026-09-14 06:28:00,97146.65
2026-09-14 06:29:00,97155.82
2026-09-14 06:30:00,97151.89
2026-09-14 06:31:00,97151.89
2026-09-14 06:32:00,97149.27
2026-09-14 06:33:00,97163.68
2026-09-14 06:34:00,97176.78
2026-09-14 06:35:00,97183.19
2026-09-14 06:36:00,97210.84
2026-09-14 06:37:00,97195.12
2026-09-14 06:38:00,97185.95
2026-09-14 06:39:00,97188.57
2026-09-14 06:40:00,97176.78
2026-09-14 06:41:00,97227.87
2026-09-14 06:42:00,97233.11
2026-09-14 06:43:00,97230.49
2026-09-14 06:44:00,97235.73
2026-09-14 06:45:00,97220.01
2026-09-14 06:46:00,97216.08
2026-09-14 06:47:00,97233.11
2026-09-14 06:48:00,97254.07
2026-09-14 06:49:00,97227.87
2026-09-14 06:50:00,97229.18
2026-09-14 06:51:00,97214.77
2026-09-14 06:52:00,97205.60
2026-09-14 06:53:00,97222.63
2026-09-14 06:54:00,97183.52
2026-09-14 06:55:00,97183.52
2026-09-14 06:56:00,97183.52
2026-09-14 06:57:00,97183.52
2026-09-14 06:58:00,97183.52
2026-09-14 06:59:00,97183.52
2026-09-14 07:00:00,97183.52
2026-09-14 07:01:00,97183.52
2026-09-14 07:02:00,97183.52
2026-09-14 07:03:00,97183.52
2026-09-14 07:04:00,97183.52
2026-09-14 07:05:00,97162.75
2026-09-14 07:06:00,97183.05
2026-09-14 07:07:00,97164.06
2026-09-14 07:08:00,97171.92
2026-09-14 07:09:00,97177.16
2026-09-14 07:10:00,97132.62
2026-09-14 07:11:00,97175.85
2026-09-14 07:12:00,97190.26
2026-09-14 07:13:00,97178.47
2026-09-14 07:14:00,97166.68
2026-09-14 07:15:00,97181.09
2026-09-14 07:16:00,97177.16
2026-09-14 07:17:00,97196.81
2026-09-14 07:18:00,97202.05
2026-09-14 07:19:00,97186.33
2026-09-14 07:20:00,97212.53
2026-09-14 07:21:00,97175.85
2026-09-14 07:22:00,97187.13
2026-09-14 07:23:00,97208.60
2026-09-14 07:24:00,97220.39
2026-09-14 07:25:00,97223.01
2026-09-14 07:26:00,97245.28
2026-09-14 07:27:00,97253.14
2026-09-14 07:28:00,97279.34
2026-09-14 07:29:00,97273.44
2026-09-14 07:30:00,97258.38
2026-09-14 07:31:00,97247.37
2026-09-14 07:32:00,97245.28
2026-09-14 07:33:00,97234.80
2026-09-14 07:34:00,97198.70
2026-09-14 07:35:00,97198.70
2026-09-14 07:36:00,97198.70
2026-09-14 07:37:00,97198.70
2026-09-14 07:38:00,97198.70
2026-09-14 07:39:00,97198.70
2026-09-14 07:40:00,97198.70
2026-09-14 07:41:00,97198.70
2026-09-14 07:42:00,97198.70
2026-09-14 07:43:00,97198.70
2026-09-14 07:44:00,97198.70
2026-09-14 07:45:00,97198.70
2026-09-14 07:46:00,97198.70
2026-09-14 07:47:00,97198.70
2026-09-14 07:48:00,97198.70
2026-09-14 07:49:00,97198.70
2026-09-14 07:50:00,97198.70
2026-09-14 07:51:00,97198.70
2026-09-14 07:52:00,97198.70
2026-09-14 07:53:00,97198.70
2026-09-14 07:54:00,97198.70
2026-09-14 07:55:00,97198.70
2026-09-14 07:56:00,97198.70
2026-09-14 07:57:00,97198.70
2026-09-14 07:58:00,97198.70
2026-09-14 07:59:00,97198.70
2026-09-14 08:00:00,97198.70
2026-09-14 08:01:00,97198.70
2026-09-14 08:02:00,97198.70
2026-09-14 08:03:00,97198.70
2026-09-14 08:04:00,97198.70
2026-09-14 08:05:00,97198.70
2026-09-14 08:06:00,97198.70
2026-09-14 08:07:00,97198.70
2026-09-14 08:08:00,97198.70
2026-09-14 08:09:00,97198.70
2026-09-14 08:10:00,97198.70
2026-09-14 08:11:00,97198.70
2026-09-14 08:12:00,97198.70
2026-09-14 08:13:00,97198.70
2026-09-14 08:14:00,97198.70
2026-09-14 08:15:00,97198.70
2026-09-14 08:16:00,97198.70
2026-09-14 08:17:00,97198.70
2026-09-14 08:18:00,97198.70
2026-09-14 08:19:00,97198.70
2026-09-14 08:20:00,97198.70
2026-09-14 08:21:00,97198.70
2026-09-14 08:22:00,97198.70
2026-09-14 08:23:00,97198.70
2026-09-14 08:24:00,97198.70
2026-09-14 08:25:00,97198.70
2026-09-14 08:26:00,97198.70
2026-09-14 08:27:00,97198.70
2026-09-14 08:28:00,97198.70
2026-09-14 08:29:00,97198.70
2026-09-14 08:30:00,97198.70
2026-09-14 08:31:00,97198.70
2026-09-14 08:32:00,97198.70
2026-09-14 08:33:00,97198.70
2026-09-14 08:34:00,97198.70
2026-09-14 08:35:00,97198.70
2026-09-14 08:36:00,97198.70
2026-09-14 08:37:00,97198.70
2026-09-14 08:38:00,97198.70
2026-09-14 08:39:00,97198.70
2026-09-14 08:40:00,97198.70
2026-09-14 08:41:00,97198.70
2026-09-14 08:42:00,97198.70
2026-09-14 08:43:00,97198.70
2026-09-14 08:44:00,97198.70
2026-09-14 08:45:00,97198.70
2026-09-14 08:46:00,97198.70
2026-09-14 08:47:00,97198.70
2026-09-14 08:48:00,97198.70
2026-09-14 08:49:00,97198.70
2026-09-14 08:50:00,97198.70
2026-09-14 08:51:00,97198.70
2026-09-14 08:52:00,97198.70
2026-09-14 08:53:00,97198.70
2026-09-14 08:54:00,97198.70
2026-09-14 08:55:00,97198.70
2026-09-14 08:56:00,97198.70
2026-09-14 08:57:00,97198.70
2026-09-14 08:58:00,97198.70
2026-09-14 08:59:00,97198.70
2026-09-14 09:00:00,97198.70
2026-09-14 09:01:00,97198.70
2026-09-14 09:02:00,97198.70
2026-09-14 09:03:00,97198.70
2026-09-14 09:04:00,97198.70
2026-09-14 09:05:00,97198.70
2026-09-14 09:06:00,97198.70
2026-09-14 09:07:00,97198.70
2026-09-14 09:08:00,97198.70
2026-09-14 09:09:00,97198.70
2026-09-14 09:10:00,97198.70
2026-09-14 09:11:00,97198.70
2026-09-14 09:12:00,97198.70
2026-09-14 09:13:00,97198.70
2026-09-14 09:14:00,97198.70
2026-09-14 09:15:00,97198.70
2026-09-14 09:16:00,97198.70
2026-09-14 09:17:00,97198.70
2026-09-14 09:18:00,97198.70
2026-09-14 09:19:00,97198.70
2026-09-14 09:20:00,97198.70
2026-09-14 09:21:00,97198.70
2026-09-14 09:22:00,97198.70
2026-09-14 09:23:00,97198.70
2026-09-14 09:24:00,97198.70
2026-09-14 09:25:00,97198.70
2026-09-14 09:26:00,97198.70
2026-09-14 09:27:00,97198.70
2026-09-14 09:28:00,97198.70
2026-09-14 09:29:00,97198.70
2026-09-14 09:30:00,97198.70
2026-09-14 09:31:00,97198.70
2026-09-14 09:32:00,97198.70
2026-09-14 09:33:00,97198.70
2026-09-14 09:34:00,97198.70
2026-09-14 09:35:00,97198.70
2026-09-14 09:36:00,97198.70
2026-09-14 09:37:00,97198.70
2026-09-14 09:38:00,97198.70
2026-09-14 09:39:00,97198.70
2026-09-14 09:40:00,97198.70
2026-09-14 09:41:00,97198.70
2026-09-14 09:42:00,97198.70
2026-09-14 09:43:00,97198.70
2026-09-14 09:44:00,97221.81
2026-09-14 09:45:00,97272.90
2026-09-14 09:46:00,97322.02
2026-09-14 09:47:00,97379.66
2026-09-14 09:48:00,97441.17
2026-09-14 09:49:00,97478.08
2026-09-14 09:50:00,97470.05
2026-09-14 09:51:00,97390.14
2026-09-14 09:52:00,97408.55
2026-09-14 09:53:00,97434.68
2026-09-14 09:54:00,97396.04
2026-09-14 09:55:00,97380.97
2026-09-14 09:56:00,97395.02
2026-09-14 09:57:00,97377.06
2026-09-14 09:58:00,97400.62
2026-09-14 09:59:00,97392.11
2026-09-14 10:00:00,97432.06
2026-09-14 10:01:00,97494.93
2026-09-14 10:02:00,97399.31
2026-09-14 10:03:00,97422.89
2026-09-14 10:04:00,97451.06
2026-09-14 10:05:00,97466.12
2026-09-14 10:06:00,97553.89
2026-09-14 10:07:00,97577.47
2026-09-14 10:08:00,97595.81
2026-09-14 10:09:00,97582.71
2026-09-14 10:10:00,97603.67
2026-09-14 10:11:00,97618.08
2026-09-14 10:12:00,97612.84
2026-09-14 10:13:00,97603.67
2026-09-14 10:14:00,97606.29
2026-09-14 10:15:00,97594.50
2026-09-14 10:16:00,97544.07
2026-09-14 10:17:00,97510.32
2026-09-14 10:18:00,97485.77
2026-09-14 10:19:00,97514.59
2026-09-14 10:20:00,97487.74
2026-09-14 10:21:00,97445.62
2026-09-14 10:22:00,97445.62
2026-09-14 10:23:00,97445.62
2026-09-14 10:24:00,97445.62
2026-09-14 10:25:00,97445.62
2026-09-14 10:26:00,97445.62
2026-09-14 10:27:00,97445.62
2026-09-14 10:28:00,97445.62
2026-09-14 10:29:00,97445.62
2026-09-14 10:30:00,97445.62
2026-09-14 10:31:00,97445.62
2026-09-14 10:32:00,97445.62
2026-09-14 10:33:00,97445.62
2026-09-14 10:34:00,97445.62
2026-09-14 10:35:00,97445.62
2026-09-14 10:36:00,97445.62
2026-09-14 10:37:00,97445.62
2026-09-14 10:38:00,97445.62
2026-09-14 10:39:00,97445.62
2026-09-14 10:40:00,97445.62
2026-09-14 10:41:00,97445.62
2026-09-14 10:42:00,97445.62
2026-09-14 10:43:00,97445.62
2026-09-14 10:44:00,97445.62
2026-09-14 10:45:00,97445.62
2026-09-14 10:46:00,97445.62
2026-09-14 10:47:00,97445.62
2026-09-14 10:48:00,97445.62
2026-09-14 10:49:00,97445.62
2026-09-14 10:50:00,97445.62
2026-09-14 10:51:00,97445.62
2026-09-14 10:52:00,97445.62
2026-09-14 10:53:00,97445.62
2026-09-14 10:54:00,97445.62
2026-09-14 10:55:00,97445.62
2026-09-14 10:56:00,97445.62
2026-09-14 10:57:00,97445.62
2026-09-14 10:58:00,97445.62
2026-09-14 10:59:00,97445.62
2026-09-14 11:00:00,97445.62
2026-09-14 11:01:00,97445.62
2026-09-14 11:02:00,97445.62
2026-09-14 11:03:00,97445.62
2026-09-14 11:04:00,97445.62
2026-09-14 11:05:00,97445.62
2026-09-14 11:06:00,97445.62
2026-09-14 11:07:00,97445.62
2026-09-14 11:08:00,97445.62
2026-09-14 11:09:00,97445.62
2026-09-14 11:10:00,97445.62
2026-09-14 11:11:00,97445.62
2026-09-14 11:12:00,97445.62
2026-09-14 11:13:00,97445.62
2026-09-14 11:14:00,97445.62
2026-09-14 11:15:00,97445.62
2026-09-14 11:16:00,97445.62
2026-09-14 11:17:00,97445.62
2026-09-14 11:18:00,97445.62
2026-09-14 11:19:00,97445.62
2026-09-14 11:20:00,97445.62
2026-09-14 11:21:00,97445.62
2026-09-14 11:22:00,97445.62
2026-09-14 11:23:00,97445.62
2026-09-14 11:24:00,97445.62
2026-09-14 11:25:00,97445.62
2026-09-14 11:26:00,97445.62
2026-09-14 11:27:00,97445.62
2026-09-14 11:28:00,97445.62
2026-09-14 11:29:00,97445.62
2026-09-14 11:30:00,97445.62
2026-09-14 11:31:00,97445.62
2026-09-14 11:32:00,97445.62
2026-09-14 11:33:00,97498.36
2026-09-14 11:34:00,97557.02
2026-09-14 11:35:00,97514.61
2026-09-14 11:36:00,97504.21
2026-09-14 11:37:00,97604.31
2026-09-14 11:38:00,97593.91
2026-09-14 11:39:00,97590.01
2026-09-14 11:40:00,97596.51
2026-09-14 11:41:00,97640.06
2026-09-14 11:42:00,97600.41
2026-09-14 11:43:00,97657.61
2026-09-14 11:44:00,97670.61
2026-09-14 11:45:00,97645.91
2026-09-14 11:46:00,97620.64
2026-09-14 11:47:00,97600.41
2026-09-14 11:48:00,97619.91
2026-09-14 11:49:00,97584.16
2026-09-14 11:50:00,97580.91
2026-09-14 11:51:00,97590.01
2026-09-14 11:52:00,97593.91
2026-09-14 11:53:00,97613.41
2026-09-14 11:54:00,97612.24
2026-09-14 11:55:00,97599.76
2026-09-14 11:56:00,97593.91
2026-09-14 11:57:00,97601.71
2026-09-14 11:58:00,97593.91
2026-09-14 11:59:00,97588.71
2026-09-14 12:00:00,97544.51
2026-09-14 12:01:00,97532.89
2026-09-14 12:02:00,97532.89
2026-09-14 12:03:00,97532.89
2026-09-14 12:04:00,97532.89
2026-09-14 12:05:00,97532.89
2026-09-14 12:06:00,97532.89
2026-09-14 12:07:00,97532.89
2026-09-14 12:08:00,97532.89
2026-09-14 12:09:00,97532.89
2026-09-14 12:10:00,97532.89
2026-09-14 12:11:00,97532.89
2026-09-14 12:12:00,97532.89
2026-09-14 12:13:00,97532.89
2026-09-14 12:14:00,97532.89
2026-09-14 12:15:00,97532.89
2026-09-14 12:16:00,97532.89
2026-09-14 12:17:00,97532.89
2026-09-14 12:18:00,97517.35
2026-09-14 12:19:00,97511.50
2026-09-14 12:20:00,97493.95
2026-09-14 12:21:00,97470.56
2026-09-14 12:22:00,97477.05
2026-09-14 12:23:00,97530.35
2026-09-14 12:24:00,97521.90
2026-09-14 12:25:00,97471.85
2026-09-14 12:26:00,97441.95
2026-09-14 12:27:00,97462.75
2026-09-14 12:28:00,97428.95
2026-09-14 12:29:00,97443.25
2026-09-14 12:30:00,97426.35
2026-09-14 12:31:00,97437.40
2026-09-14 12:32:00,97448.45
2026-09-14 12:33:00,97454.30
2026-09-14 12:34:00,97436.75
2026-09-14 12:35:00,97426.35
2026-09-14 12:36:00,97436.75
2026-09-14 12:37:00,97451.05
2026-09-14 12:38:00,97462.75
2026-09-14 12:39:00,97467.95
2026-09-14 12:40:00,97469.25
2026-09-14 12:41:00,97477.05
2026-09-14 12:42:00,97487.45
2026-09-14 12:43:00,97495.25
2026-09-14 12:44:00,97522.55
2026-09-14 12:45:00,97500.45
2026-09-14 12:46:00,97495.25
2026-09-14 12:47:00,97582.35
2026-09-14 12:48:00,97685.70
2026-09-14 12:49:00,97661.00
2026-09-14 12:50:00,97648.65
2026-09-14 12:51:00,97679.20
2026-09-14 12:52:00,97686.35
2026-09-14 12:53:00,97662.95
2026-09-14 12:54:00,97634.35
2026-09-14 12:55:00,97647.35
2026-09-14 12:56:00,97629.80
2026-09-14 12:57:00,97610.30
2026-09-14 12:58:00,97593.34
2026-09-14 12:59:00,97648.65
2026-09-14 13:00:00,97657.75
2026-09-14 13:01:00,97625.25
2026-09-14 13:02:00,97630.45
2026-09-14 13:03:00,97614.85
2026-09-14 13:04:00,97622.65
2026-09-14 13:05:00,97620.05
2026-09-14 13:06:00,97633.05
2026-09-14 13:07:00,97609.00
2026-09-14 13:08:00,97609.65
2026-09-14 13:09:00,97622.65
2026-09-14 13:10:00,97618.75
2026-09-14 13:11:00,97655.15
2026-09-14 13:12:00,97673.35
2026-09-14 13:13:00,97642.15
2026-09-14 13:14:00,97633.70
2026-09-14 13:15:00,97642.08
2026-09-14 13:16:00,97643.45
2026-09-14 13:17:00,97623.95
2026-09-14 13:18:00,97579.60
2026-09-14 13:19:00,97579.60
2026-09-14 13:20:00,97579.60
2026-09-14 13:21:00,97579.60
2026-09-14 13:22:00,97579.60
2026-09-14 13:23:00,97579.60
2026-09-14 13:24:00,97579.60
2026-09-14 13:25:00,97579.60
2026-09-14 13:26:00,97579.60
2026-09-14 13:27:00,97579.60
2026-09-14 13:28:00,97579.60
2026-09-14 13:29:00,97579.60
2026-09-14 13:30:00,97578.34
2026-09-14 13:31:00,97554.94
2026-09-14 13:32:00,97569.89
2026-09-14 13:33:00,97552.99
2026-09-14 13:34:00,97556.24
2026-09-14 13:35:00,97537.39
2026-09-14 13:36:00,97531.54
2026-09-14 13:37:00,97557.68
2026-09-14 13:38:00,97565.34
2026-09-14 13:39:00,97582.89
2026-09-14 13:40:00,97575.74
2026-09-14 13:41:00,97553.64
2026-09-14 13:42:00,97558.19
2026-09-14 13:43:00,97579.64
2026-09-14 13:44:00,97569.37
2026-09-14 13:45:00,97582.24
2026-09-14 13:46:00,97586.14
2026-09-14 13:47:00,97597.84
2026-09-14 13:48:00,97604.34
2026-09-14 13:49:00,97599.79
2026-09-14 13:50:00,97590.04
2026-09-14 13:51:00,97603.00
2026-09-14 13:52:00,97618.64
2026-09-14 13:53:00,97608.24
2026-09-14 13:54:00,97615.39
2026-09-14 13:55:00,97631.64
2026-09-14 13:56:00,97634.24
2026-09-14 13:57:00,97610.84
2026-09-14 13:58:00,97596.54
2026-09-14 13:59:00,97573.53
2026-09-14 14:00:00,97586.14
2026-09-14 14:01:00,97578.34
2026-09-14 14:02:00,97578.34
2026-09-14 14:03:00,97556.19
2026-09-14 14:04:00,97556.19
2026-09-14 14:05:00,97556.19
2026-09-14 14:06:00,97556.19
2026-09-14 14:07:00,97556.19
2026-09-14 14:08:00,97556.19
2026-09-14 14:09:00,97556.19
2026-09-14 14:10:00,97556.19
2026-09-14 14:11:00,97556.19
2026-09-14 14:12:00,97556.19
2026-09-14 14:13:00,97556.19
2026-09-14 14:14:00,97556.19
2026-09-14 14:15:00,97556.19
2026-09-14 14:16:00,97556.19
2026-09-14 14:17:00,97556.19
2026-09-14 14:18:00,97556.19
2026-09-14 14:19:00,97556.19
2026-09-14 14:20:00,97556.19
2026-09-14 14:21:00,97556.19
2026-09-14 14:22:00,97556.19
2026-09-14 14:23:00,97556.19
2026-09-14 14:24:00,97556.19
2026-09-14 14:25:00,97556.19
2026-09-14 14:26:00,97556.19
2026-09-14 14:27:00,97556.19
2026-09-14 14:28:00,97556.19
2026-09-14 14:29:00,97556.19
2026-09-14 14:30:00,97556.19
2026-09-14 14:31:00,97556.19
2026-09-14 14:32:00,97556.19
2026-09-14 14:33:00,97556.19
2026-09-14 14:34:00,97556.19
2026-09-14 14:35:00,97556.19
2026-09-14 14:36:00,97556.19
2026-09-14 14:37:00,97556.19
2026-09-14 14:38:00,97556.19
2026-09-14 14:39:00,97556.19
2026-09-14 14:40:00,97556.19
2026-09-14 14:41:00,97556.19
2026-09-14 14:42:00,97556.19
2026-09-14 14:43:00,97556.19
2026-09-14 14:44:00,97556.19
2026-09-14 14:45:00,97556.19
2026-09-14 14:46:00,97556.19
2026-09-14 14:47:00,97556.19
2026-09-14 14:48:00,97556.19
2026-09-14 14:49:00,97556.19
2026-09-14 14:50:00,97556.19
2026-09-14 14:51:00,97556.19
2026-09-14 14:52:00,97556.19
2026-09-14 14:53:00,97556.19
2026-09-14 14:54:00,97556.19
2026-09-14 14:55:00,97556.19
2026-09-14 14:56:00,97556.19
2026-09-14 14:57:00,97556.19
2026-09-14 14:58:00,97556.19
2026-09-14 14:59:00,97556.19
2026-09-14 15:00:00,97556.19
2026-09-14 15:01:00,97556.19
2026-09-14 15:02:00,97556.19
2026-09-14 15:03:00,97556.19
2026-09-14 15:04:00,97556.19
2026-09-14 15:05:00,97556.19
2026-09-14 15:06:00,97556.19
2026-09-14 15:07:00,97556.19
2026-09-14 15:08:00,97556.19
2026-09-14 15:09:00,97556.19
2026-09-14 15:10:00,97556.19
2026-09-14 15:11:00,97556.19
2026-09-14 15:12:00,97556.19
2026-09-14 15:13:00,97556.19
2026-09-14 15:14:00,97556.19
2026-09-14 15:15:00,97556.19
2026-09-14 15:16:00,97556.19
2026-09-14 15:17:00,97556.19
2026-09-14 15:18:00,97556.19
2026-09-14 15:19:00,97556.19
2026-09-14 15:20:00,97556.19
2026-09-14 15:21:00,97556.19
2026-09-14 15:22:00,97556.19
2026-09-14 15:23:00,97556.19
2026-09-14 15:24:00,97556.19
2026-09-14 15:25:00,97556.19
2026-09-14 15:26:00,97556.19
2026-09-14 15:27:00,97556.19
2026-09-14 15:28:00,97556.19
2026-09-14 15:29:00,97556.19
2026-09-14 15:30:00,97556.19
2026-09-14 15:31:00,97556.19
2026-09-14 15:32:00,97556.19
2026-09-14 15:33:00,97556.19
2026-09-14 15:34:00,97556.19
2026-09-14 15:35:00,97556.19
2026-09-14 15:36:00,97556.19
2026-09-14 15:37:00,97556.19
2026-09-14 15:38:00,97556.19
2026-09-14 15:39:00,97556.19
2026-09-14 15:40:00,97556.19
2026-09-14 15:41:00,97556.19
2026-09-14 15:42:00,97556.19
2026-09-14 15:43:00,97556.19
2026-09-14 15:44:00,97556.19
2026-09-14 15:45:00,97556.19
2026-09-14 15:46:00,97556.19
2026-09-14 15:47:00,97556.19
2026-09-14 15:48:00,97556.19
2026-09-14 15:49:00,97556.19
2026-09-14 15:50:00,97556.19
2026-09-14 15:51:00,97556.19
2026-09-14 15:52:00,97556.19
2026-09-14 15:53:00,97556.19
2026-09-14 15:54:00,97556.19
2026-09-14 15:55:00,97556.19
2026-09-14 15:56:00,97556.19
2026-09-14 15:57:00,97556.19
2026-09-14 15:58:00,97556.19
2026-09-14 15:59:00,97556.19
2026-09-14 16:00:00,97556.19
2026-09-14 16:01:00,97556.19
2026-09-14 16:02:00,97556.19
2026-09-14 16:03:00,97556.19
2026-09-14 16:04:00,97556.19
2026-09-14 16:05:00,97556.19
2026-09-14 16:06:00,97556.19
2026-09-14 16:07:00,97556.19
2026-09-14 16:08:00,97556.19
2026-09-14 16:09:00,97556.19
2026-09-14 16:10:00,97556.19
2026-09-14 16:11:00,97556.19
2026-09-14 16:12:00,97556.19
2026-09-14 16:13:00,97556.19
2026-09-14 16:14:00,97556.19
2026-09-14 16:15:00,97556.19
2026-09-14 16:16:00,97556.19
2026-09-14 16:17:00,97556.19
2026-09-14 16:18:00,97556.19
2026-09-14 16:19:00,97556.19
2026-09-14 16:20:00,97556.19
2026-09-14 16:21:00,97556.19
2026-09-14 16:22:00,97556.19
2026-09-14 16:23:00,97556.19
2026-09-14 16:24:00,97556.19
2026-09-14 16:25:00,97556.19
2026-09-14 16:26:00,97556.19
2026-09-14 16:27:00,97556.19
2026-09-14 16:28:00,97556.19
2026-09-14 16:29:00,97556.19
2026-09-14 16:30:00,97556.19
2026-09-14 16:31:00,97556.19
2026-09-14 16:32:00,97556.19
2026-09-14 16:33:00,97556.19
2026-09-14 16:34:00,97556.19
2026-09-14 16:35:00,97556.19
2026-09-14 16:36:00,97556.19
2026-09-14 16:37:00,97556.19
2026-09-14 16:38:00,97556.19
2026-09-14 16:39:00,97556.19
2026-09-14 16:40:00,97556.19
2026-09-14 16:41:00,97556.19
2026-09-14 16:42:00,97556.19
2026-09-14 16:43:00,97556.19
2026-09-14 16:44:00,97556.19
2026-09-14 16:45:00,97556.19
2026-09-14 16:46:00,97556.19
2026-09-14 16:47:00,97556.19
2026-09-14 16:48:00,97556.19
2026-09-14 16:49:00,97556.19
2026-09-14 16:50:00,97556.19
2026-09-14 16:51:00,97556.19
2026-09-14 16:52:00,97556.19
2026-09-14 16:53:00,97545.85
2026-09-14 16:54:00,97553.65
2026-09-14 16:55:00,97554.95
2026-09-14 16:56:00,97509.72
2026-09-14 16:57:00,97509.72
2026-09-14 16:58:00,97509.72
2026-09-14 16:59:00,97509.72
2026-09-14 17:00:00,97509.72
2026-09-14 17:02:00,97509.72
2026-09-14 17:03:00,97509.72
2026-09-14 17:04:00,97509.72
2026-09-14 17:05:00,97509.72
2026-09-14 17:06:00,97509.72
2026-09-14 17:07:00,97509.72
2026-09-14 17:09:00,97509.72
2026-09-14 17:10:00,97509.72
2026-09-14 17:11:00,97509.72
2026-09-14 17:12:00,97509.72
2026-09-14 17:13:00,97509.72
2026-09-14 17:14:00,97509.72
2026-09-14 17:15:00,97509.72
2026-09-14 17:16:00,97509.72
2026-09-14 17:17:00,97509.72
2026-09-14 17:18:00,97509.72
2026-09-14 17:19:00,97509.72
2026-09-14 17:20:00,97509.72
2026-09-14 17:21:00,97509.72
2026-09-14 17:23:00,97509.72
2026-09-14 17:24:00,97509.72
2026-09-14 17:26:00,97509.72
2026-09-14 17:27:00,97509.72
2026-09-14 17:28:00,97509.72
2026-09-14 17:29:00,97509.72
2026-09-14 17:30:00,97509.72
2026-09-14 17:31:00,97509.72
2026-09-14 17:32:00,97509.72
2026-09-14 17:33:00,97509.72
2026-09-14 17:34:00,97509.72
2026-09-14 17:35:00,97509.72
2026-09-14 17:36:00,97509.72
2026-09-14 17:37:00,97509.72
2026-09-14 17:38:00,97509.72
2026-09-14 17:39:00,97509.72
2026-09-14 17:40:00,97509.72
2026-09-14 17:41:00,97509.72
2026-09-14 17:43:00,97509.72
2026-09-14 17:44:00,97509.72
2026-09-14 17:46:00,97509.72
2026-09-14 17:47:00,97509.72
2026-09-14 17:48:00,97509.72
2026-09-14 17:49:00,97509.72
2026-09-14 17:50:00,97509.72
2026-09-14 17:51:00,97509.72
2026-09-14 17:53:00,97509.72
2026-09-14 17:54:00,97509.72
2026-09-14 17:55:00,97509.72
2026-09-14 17:56:00,97509.72
2026-09-14 17:57:00,97509.72
2026-09-14 17:59:00,97509.72
2026-09-14 18:00:00,97509.72
2026-09-14 18:01:00,97509.72
2026-09-14 18:02:00,97509.72
2026-09-14 18:03:00,97509.72
2026-09-14 18:04:00,97509.72
2026-09-14 18:05:00,97509.72
2026-09-14 18:06:00,97509.72
2026-09-14 18:07:00,97509.72
2026-09-14 18:08:00,97509.72
2026-09-14 18:09:00,97509.72
2026-09-14 18:10:00,97509.72
2026-09-14 18:12:00,97509.72
2026-09-14 18:14:00,97509.72
2026-09-14 18:15:00,97509.72
2026-09-14 18:16:00,97509.72
2026-09-14 18:17:00,97509.72
2026-09-14 18:18:00,97509.72
2026-09-14 18:19:00,97509.72
2026-09-14 18:21:00,97509.72
2026-09-14 18:23:00,97509.72
2026-09-14 18:25:00,97509.72
2026-09-14 18:26:00,97509.72
2026-09-14 18:27:00,97509.72
2026-09-14 18:28:00,97509.72
2026-09-14 18:29:00,97509.72
2026-09-14 18:30:00,97509.72
2026-09-14 18:31:00,97509.72
2026-09-14 18:32:00,97509.72
2026-09-14 18:33:00,97509.72
2026-09-14 18:34:00,97509.72
2026-09-14 18:35:00,97509.72
2026-09-14 18:36:00,97509.72
2026-09-14 18:38:00,97509.72
2026-09-14 18:40:00,97509.72
2026-09-14 18:41:00,97509.72
2026-09-14 18:42:00,97509.72
2026-09-14 18:43:00,97509.72
2026-09-14 18:45:00,97509.72
2026-09-14 18:47:00,97509.72
2026-09-14 18:48:00,97509.72
2026-09-14 18:49:00,97509.72
2026-09-14 18:51:00,97509.72
2026-09-14 18:53:00,97509.72
2026-09-14 18:55:00,97509.72
2026-09-14 18:56:00,97509.72
2026-09-14 18:58:00,97509.72
2026-09-14 18:59:00,97509.72
2026-09-14 19:00:00,97509.72
2026-09-14 19:02:00,97509.72
2026-09-14 19:04:00,97509.72
2026-09-14 19:05:00,97509.72
2026-09-14 19:06:00,97509.72
2026-09-14 19:11:00,97509.72
2026-09-14 19:12:00,97509.72
2026-09-14 19:13:00,97509.72
2026-09-14 19:14:00,97509.72
2026-09-14 19:15:00,97509.72
2026-09-14 19:16:00,97509.72
2026-09-14 19:18:00,97509.72
2026-09-14 19:19:00,97509.72
2026-09-14 19:20:00,97509.72
2026-09-14 19:21:00,97509.72
2026-09-14 19:22:00,97509.72
2026-09-14 19:23:00,97509.72
2026-09-14 19:24:00,97509.72
2026-09-14 19:25:00,97509.72
2026-09-14 19:26:00,97509.72
2026-09-14 19:27:00,97509.72
2026-09-14 19:28:00,97509.72
2026-09-14 19:29:00,97509.72
2026-09-14 19:30:00,97509.72
2026-09-14 19:31:00,97509.72
2026-09-14 19:34:00,97509.72
2026-09-14 19:35:00,97509.72
2026-09-14 19:37:00,97509.72
2026-09-14 19:38:00,97509.72
2026-09-14 19:39:00,97509.72
2026-09-14 19:41:00,97509.72
2026-09-14 19:42:00,97509.72
2026-09-14 19:43:00,97509.72
2026-09-14 19:45:00,97509.72
2026-09-14 19:46:00,97509.72
2026-09-14 19:48:00,97509.72
2026-09-14 19:51:00,97509.72
2026-09-14 19:52:00,97509.72
2026-09-14 19:53:00,97509.72
2026-09-14 19:54:00,97509.72
2026-09-14 19:55:00,97509.72
2026-09-14 19:56:00,97509.72
2026-09-14 19:57:00,97509.72
2026-09-14 19:58:00,97509.72
2026-09-14 19:59:00,97509.72
